Extraction_ID,Protein_Conc_ug_uL,Extraction Date,Label,Day,Treatment,change_OD,Glutathione_activity_normal,Glutathione_activity,Extraction Notes
1,0.551,12/12/23,1Y27,0,Control,0.0226,0.025893777,0.939883025,
2,0.13,12/12/23,1Y54,0,Heat Stress,0.0135,0.003649325,0.56143455,
3,0.713,12/12/23,2R65,0,Control,0.0169,0.025055992,0.702832882,
4,0.198,12/12/23,2R79,0,Heat Stress,0.0243,0.010004764,1.010582191,
5,0.201,12/12/23,3R72,0,Heat Stress,0.0011,0.000459753,0.045746519,
6,1.56,12/12/23,3R91,0,Control,0.0869,0.28189005,3.613974994,
7,0.158,12/12/23,5Y50,0,Heat Stress,0.0006,0.000197126,0.024952647,
8,0.982,12/12/23,5Y62,0,Control,0.0701,0.143141274,2.915300887,
9,1.84,12/12/23,7Y53,0,Heat Stress,0.1186,0.453772197,4.932306494,
10,3.22,12/12/23,7Y88,0,Control,0.0883,0.591223852,3.672197837,
11,1.16,12/12/23,5R61,11,Control,0.0457,0.110232475,1.900559922,
12,0.893,12/12/23,5R63,11,Control,0.0543,0.100829279,2.258214525,
13,0.592,12/12/23,5R71,11,Heat Stress,0.0158,0.019449756,0.657086363,
14,0.617,12/12/23,5R90,11,Heat Stress,0.0708,0.09083512,2.944412308,
15,0.75,12/12/23,6R38,11,Control,0.0755,0.117745302,3.139874707,
16,0.351,12/12/23,6R41,11,Heat Stress,0.0497,0.036274286,2.0669109,
17,0.516,12/12/23,6Y60,11,Heat Stress,0.0656,0.070386426,2.728156037,
18,5.57,12/12/23,6Y73,11,Control,0.1012,1.172117308,4.20867974,
19,7.79,12/12/23,7R24,11,Control,0.1008,1.632801388,4.192044643,
20,3.59,12/12/23,7Y43,11,Control,0.0775,0.57853751,3.223050196,
21,4.31,12/12/23,7R57,11,Heat Stress,0.1473,1.320126011,6.12587476,
22,1.83,12/12/23,7Y80,11,Heat Stress,0.0829,0.315457598,3.447624017,
23,0.556,12/12/23,8R20,11,Control,0.0469,0.054222933,1.950465216,
24,0.975,12/12/23,8Y55,11,Control,0.0775,0.157123697,3.223050196,
25,0.13,12/12/23,8Y57,11,Heat Stress,0.0233,0.006298464,0.968994446,
26,0.77,12/12/23,8R94,11,Heat Stress,0.1139,0.182368498,4.736844095,
27,1.03,12/12/23,1R42,14,Heat Stress,0.0567,0.121438293,2.358025111,
28,0.985,12/12/23,1Y51,14,Control,0.0616,0.126168899,2.561805059,
29,0.613,12/12/23,1Y58,14,Heat Stress,0.0459,0.058507094,1.908877471,
30,2.98,12/12/23,1R78,14,Control,0.1306,0.809272555,5.431359428,
31,0.248,12/12/23,5R43,14,Heat Stress,0.0143,0.007374339,0.594704746,
32,1.95,12/12/23,5R46,14,Control,0.1187,0.481305364,4.936465269,
33,1.14,12/12/23,5Y82,14,Control,0.0544,0.128955278,2.262373299,
34,0.671,12/12/23,5R88,14,Heat Stress,0.0152,0.021208086,0.632133716,
35,0.552,12/12/23,6R32,14,Heat Stress,0.0781,0.089644878,3.248002843,
36,0.947,12/12/23,6R67,14,Heat Stress,0.0751,0.147885396,3.12323961,
37,1.11,12/12/23,6R82,14,Control,0.0687,0.158567832,2.857078045,
38,6.23,12/12/23,6R92,14,Control,0.0674,0.873138854,2.803013977,
39,0.395,12/12/23,8R30,14,Control,0.0318,0.026119183,1.322490274,
40,1.02,12/12/23,8R50,14,Heat Stress,0.0508,0.107745528,2.112657419,
41,0.423,12/13/23,8Y85,14,Heat Stress,0.0203,0.01785549,0.844231213,
42,0.382,12/13/23,8R95,14,Control,0.0364,0.028913463,1.513793899,
43,0.837,12/13/23,1Y45,21,Control,0.1044,0.181702678,4.341760523,
44,1.49,12/13/23,1Y46,21,Heat Stress,0.1605,0.497275058,6.674832987,
45,0.893,12/13/23,1Y52,21,Control,0.0794,0.147437288,3.302066911,
46,1.42,12/13/23,1Y63,21,Heat Stress,0.174,0.513774995,7.236267538,
47,0.01,12/13/23,6Y22,21,Heat Stress,0.0031,6.4461E-05,0.128922008,little tissue
48,1.21,12/13/23,6R59,21,Heat Stress,0.1184,0.297901331,4.923988945,
49,1.52,12/13/23,6R64,21,Control,0.0935,0.295522512,3.888454108,
50,1.92,12/13/23,6Y72,21,Control,0.0946,0.37768326,3.934200627,
51,4.31,12/13/23,7R31,21,Control,0.1055,0.945507767,4.387507042,
52,1.38,12/13/23,7R36,21,Heat Stress,0.1202,0.344920435,4.998846885,
53,4.15,12/13/23,7R39,21,Heat Stress,0.1086,0.937159028,4.516429049,
54,2.88,12/13/23,7Y64,21,Control,0.0833,0.498853312,3.464259114,
55,0.01,12/13/23,8R19,21,Heat Stress,0.005,0.000103969,0.207938722,
56,0.84,12/13/23,8Y33,21,Control,0.0906,0.158249685,3.767849649,
57,0.553,12/13/23,8Y36,21,Control,0.0779,0.089577298,3.239685294,
58,0.184,12/13/23,8R45,21,Heat Stress,0.0857,0.032789441,3.564069701,
59,2.42,12/13/23,1R28,7,Heat Stress,0.0545,0.274250381,2.266532074,
60,1.5,12/13/23,1Y40,7,Control,0.0524,0.163439836,2.17919781,
61,1.41,12/13/23,1Y68,7,Control,0.0411,0.120502569,1.709256298,
62,1.1,12/13/23,1Y92,7,Heat Stress,0.0324,0.074109361,1.347442921,
63,0.01,12/13/23,2Y29,7,Heat Stress,0.0012,2.49526E-05,0.049905293,not much sample
64,0.735,12/13/23,2Y34,7,Control,0.002,0.003056699,0.083175489,
65,0.753,12/13/23,2R35,7,Control,0.0117,0.018319609,0.48657661,
66,0.159,12/13/23,2Y47,7,Heat Stress,0.0053,0.0017523,0.220415046,
67,1.22,12/13/23,3R29,7,Control,0.0122,0.030949599,0.507370483,
68,0.751,12/13/23,3Y48,7,Heat Stress,0.0258,0.040289791,1.072963807,
69,0.719,12/13/23,3R62,7,Heat Stress,0.0291,0.043506811,1.210203364,
70,1.83,12/13/23,3Y90,7,Control,0.035,0.133184752,1.455571056,
71,0.01,12/13/23,4R48,7,Heat Stress,0.0022,4.57465E-05,0.091493038,
72,0.01,12/13/23,4Y65,7,Heat Stress,0.0072,0.000149716,0.29943176,
73,2.78,12/13/23,4Y70,7,Control,0.1265,0.731258105,5.260849675,
74,4.5,12/13/23,4Y95,7,Control,0.066,0.617578005,2.744791135,