Genotype, Tag Number,Color,Photo Link,Tank,Acc Treatment,Heat Stress Day,Heat Stress Treatment,yield,prop.yield,Tube Label,ATAC Sample Group,PCR Forward Primer,PCR Reverse Primer,Notes
1,23,red,Link,,,,,,,1-23R,,,,
1,23,yellow,Link,,,,,,,1-23Y,,,,
1,26,yellow,Link,,,,,,,1-26Y,,,,
1,27,yellow,Link,System,24.5,D00,Control,644,1.063664596,1-27Y,NA,,,
1,54,yellow,Link,System,24.5,D00,Heat Stress,685,1.063664596,1-54Y,NA,,,
2,65,red,Link,System,24.5,D00,Control,606,0.224422442,2-65R,NA,,,
2,79,red,Link,System,24.5,D00,Heat Stress,136,0.224422442,2-79R,NA,,,
3,72,red,Link,System,24.5,D00,Heat Stress,526,0.809230769,3-72R,NA,,,
3,91,red,Link,System,24.5,D00,Control,650,0.809230769,3-91R,NA,,,
5,50,yellow,Link,System,24.5,D00,Heat Stress,431,0.699675325,5-50Y,NA,,,
5,62,yellow,Link,System,24.5,D00,Control,616,0.699675325,5-62Y,NA,,,
7,53,yellow,Link,System,24.5,D00,Heat Stress,437,0.65813253,7-53Y,NA,,,
1,49,yellow,Link,,,D00,,,,1-49Y,,,,
7,88,yellow,Link,System,24.5,D00,Control,664,0.65813253,7-88Y,NA,,,
5,61,red,Link,3,27,D11,Control,644,0.635093168,5-61R,NA,,,
5,63,red,Link,1,24.5,D11,Control,656,0.714939024,5-63R,NA,,,
5,71,red,Link,4,27,D11,Heat Stress,409,0.635093168,5-71R,NA,,,
5,90,red,Link,2,24.5,D11,Heat Stress,469,0.714939024,5-90R,NA,,,
6,38,red,Link,2,24.5,D11,Control,657,0.785388128,6-38R,NA,,,
1,66,yellow,Link,,,,,,,1-66Y,,,,
6,41,red,Link,3,27,D11,Heat Stress,549,0.810930576,6-41R,NA,,,
6,60,yellow,Link,2,24.5,D11,Heat Stress,516,0.785388128,6-60Y,NA,,,
6,73,yellow,Link,3,27,D11,Control,677,0.810930576,6-73Y,NA,,,
7,24,red,Link,2,24.5,D11,Control,684,0.410818714,7-24R,NA,,,
2,21,yellow,Link,,,,,,,2-21Y,,,,
2,25,yellow,Link,,,,,,,2-25Y,,,,
7,43,yellow,Link,4,27,D11,Control,628,0.899681529,7-43Y,NA,,,
7,57,red,Link,3,27,D11,Heat Stress,565,0.899681529,7-57R,NA,,,
2,32,yellow,Link,,,,,,,2-32Y,,,,
7,80,yellow,Link,1,24.5,D11,Heat Stress,281,0.410818714,7-80Y,NA,,,
8,20,red,Link,1,24.5,D11,Control,657,0.697108067,8-20R,NA,,,
2,38,yellow,Link,,,,,,,2-38Y,,,,
8,55,yellow,Link,4,27,D11,Control,644,0.855590062,8-55Y,NA,,,
2,56,red,Link,,,,,,,2-56R,,,,
8,57,yellow,Link,1,24.5,D11,Heat Stress,458,0.697108067,8-57Y,NA,,,
8,94,red,Link,4,27,D11,Heat Stress,551,0.855590062,8-94R,NA,,,
1,42,red,Link,3,27,D14,Heat Stress,566,0.846038864,1-42R,NA,,,
1,51,yellow,Link,1,24.5,D14,Control,690,0.804347826,1-51Y,NA,,,
1,58,yellow,Link,2,24.5,D14,Heat Stress,555,0.804347826,1-58Y,NA,,,
1,78,red,Link,4,27,D14,Control,669,0.846038864,1-78R,NA,,,
3,25,red,Link,,,,,,,3-25R,,,,
3,26,red,Link,,,,,,,3-26R,,,,
5,43,red,Link,4,27,D14,Heat Stress,484,0.794745484,5-43R,NA,,,
5,46,red,Link,3,27,D14,Control,609,0.794745484,5-46R,NA,,,
5,82,yellow,Link,2,24.5,D14,Control,623,0.634028893,5-82Y,NA,,,
5,88,red,Link,1,24.5,D14,Heat Stress,395,0.634028893,5-88R,NA,,,
3,44,yellow,Link,,,,,,,3-44Y,,,,
6,32,red,Link,3,27,D14,Heat Stress,498,0.745508982,6-32R,NA,,,
6,67,red,Link,2,24.5,D14,Heat Stress,569,0.827034884,6-67R,NA,,,
6,82,red,Link,1,24.5,D14,Control,688,0.827034884,6-82R,NA,,,
6,92,red,Link,4,27,D14,Control,668,0.745508982,6-92R,NA,,,
8,30,red,Link,2,24.5,D14,Control,640,0.821875,8-30R,NA,,,
3,76,yellow,Link,,,,,,,3-76Y,,,,
3,77,red,Link,,,,,,,3-77R,,,,
3,78,yellow,Link,,,,,,,3-78Y,,,,
8,50,red,Link,4,27,D14,Heat Stress,484,0.721311475,8-50R,NA,,,
8,85,yellow,Link,1,24.5,D14,Heat Stress,526,0.821875,8-85Y,NA,,,
4,28,yellow,Link,,,,,,,4-28Y,,,,
4,34,red,Link,,,,,,,4-34R,,,,
8,95,red,Link,3,27,D14,Control,671,0.721311475,8-95R,NA,,,
4,47,red,Link,,,,,,,4-47R,,,,
1,45,yellow,Link,1,24.5,D21,Control,709,0.747531735,1-45Y,NA,,,
4,51,red,Link,,,,,,,4-51R,,,,
4,56,yellow,Link,,,,,,,4-56Y,,,,
1,46,yellow,Link,3,27,D21,Heat Stress,526,0.76121563,1-46Y,NA,,,
1,52,yellow,Link,4,27,D21,Control,691,0.76121563,1-52Y,NA,,,
1,63,yellow,Link,2,24.5,D21,Heat Stress,530,0.747531735,1-63Y,NA,,,
6,22,yellow,Link,1,24.5,D21,Heat Stress,494,0.753048781,6-22Y,NA,,,
4,74,red,Link,,,,,,,4-74R,,,,
6,59,red,Link,4,27,D21,Heat Stress,549,0.774330042,6-59R,NA,,,
6,64,red,Link,4,27,D21,Control,709,0.774330042,6-64R,NA,,,
6,72,yellow,Link,1,24.5,D21,Control,656,0.753048781,6-72Y,NA,,,
5,40,red,Link,,,,,,,5-40R,,,,
7,31,red,Link,3,27,D21,Control,677,0.728212703,7-31R,NA,,,
7,36,red,Link,1,24.5,D21,Heat Stress,482,0.740399386,7-36R,NA,,,
7,39,red,Link,4,27,D21,Heat Stress,493,0.728212703,7-39R,NA,,,
7,64,yellow,Link,2,24.5,D21,Control,651,0.740399386,7-64Y,NA,,,
8,19,red,Link,3,27,D21,Heat Stress,583,0.91522763,8-19R,NA,,,
8,33,yellow,Link,2,24.5,D21,Control,652,0.550613497,8-33Y,NA,,,
8,36,yellow,Link,3,27,D21,Control,637,0.91522763,8-36Y,NA,,,
8,45,red,Link,2,24.5,D21,Heat Stress,359,0.550613497,8-45R,NA,,,
1,28,red,Link,4,27,D07,Heat Stress,539,0.790322581,1-28R,NA,,,
1,40,yellow,Link,1,24.5,D07,Control,670,0.458208955,1-40Y,NA,,,
1,68,yellow,Link,3,27,D07,Control,682,0.790322581,1-68Y,NA,,,
1,92,yellow,Link,2,24.5,D07,Heat Stress,307,0.458208955,1-92Y,NA,,,
2,29,yellow,Link,3,27,D07,Heat Stress,559,0.885895404,2-29Y,NA,,,
2,34,yellow,Link,4,27,D07,Control,631,0.885895404,2-34Y,NA,,,
2,35,red,Link,1,24.5,D07,Control,609,0.765188834,2-35R,NA,,,
2,47,yellow,Link,2,24.5,D07,Heat Stress,466,0.765188834,2-47Y,NA,,,
3,29,red,Link,2,24.5,D07,Control,660,0.862121212,3-29R,NA,,,
3,48,yellow,Link,4,27,D07,Heat Stress,628,0.964669739,3-48Y,NA,,,
3,62,red,Link,1,24.5,D07,Heat Stress,569,0.862121212,3-62R,NA,,,
3,90,yellow,Link,3,27,D07,Control,651,0.964669739,3-90Y,NA,,,
4,48,red,Link,3,27,D07,Heat Stress,414,0.658187599,4-48R,NA,,,
4,65,yellow,Link,1,24.5,D07,Heat Stress,266,0.422893482,4-65Y,NA,,,
4,70,yellow,Link,2,24.5,D07,Control,608,0.422893482,4-70Y,NA,,,
4,95,yellow,Link,4,27,D07,Control,629,0.658187599,4-95Y,NA,,,
1,30,yellow,Link,4,27,NA,NA,NA,,1-30Y,Day 22 (Rev Acc),,,
1,35,yellow,Link,1,24.5,NA,NA,NA,,1-35Y,Day 22 (Rev Acc),,,
1,42,yellow,Link,2,24.5,NA,NA,NA,,1-42Y,Day 8 (Acclimation),,,
1,61,yellow,Link,3,27,NA,NA,NA,,1-61Y,Day 8 (Acclimation),,,
1,74,yellow,Link,System,24.5,NA,NA,NA,,1-74Y,Baseline,,,
2,27,red,Link,2,24.5,NA,NA,NA,,2-27R,Day 22 (Rev Acc),,,
2,53,red,Link,4,27,NA,NA,NA,,2-53R,Day 8 (Acclimation),,,
2,67,yellow,Link,1,24.5,NA,NA,NA,,2-67Y,Day 8 (Acclimation),,,
2,69,red,Link,3,27,NA,NA,NA,,2-69R,Day 22 (Rev Acc),,,
2,84,red,Link,system,24.5,NA,NA,NA,,2-84R,Baseline,,,
3,33,red,Link,System,24.5,NA,NA,NA,,3-33R,Baseline,,,
3,37,red,Link,1,24.5,NA,NA,NA,,3-37R,Day 22 (Rev Acc),,,
3,37,yellow,Link,4,27,NA,NA,NA,,3-37Y,Day 8 (Acclimation),,,Previously 7Y41. Label was lost. Id verifiied with picture
3,71,yellow,Link,3,27,NA,NA,NA,,3-71Y,Day 22 (Rev Acc),,,
3,75,yellow,Link,2,24.5,NA,NA,NA,,3-75Y,Day 8 (Acclimation),,,
4,39,yellow,Link,System,24.5,NA,NA,NA,,4-39Y,Baseline,,,
4,70,red,Link,2,24.5,NA,NA,NA,,4-70R,Day 8 (Acclimation),,,
4,73,red,Link,4,27,NA,NA,NA,,4-73R,Day 22 (Rev Acc),,,
4,83,yellow,Link,1,24.5,NA,NA,NA,,4-83Y,Day 22 (Rev Acc),,,
4,87,red,Link,3,27,NA,NA,NA,,4-87R,Day 8 (Acclimation),,,
5,54,red,Link,System,24.5,NA,NA,NA,,5-54R,Baseline,,,
5,55,red,Link,4,27,NA,NA,NA,,5-55R,Day 8 (Acclimation),,,
5,58,red,Link,3,27,NA,NA,NA,,5-58R,Day 22 (Rev Acc),,,
5,84,yellow,Link,2,24.5,NA,NA,NA,,5-84Y,Day 8 (Acclimation),,,
5,93,yellow,Link,1,24.5,NA,NA,NA,,5-93Y,Day 22 (Rev Acc),,,
6,44,red,Link,System,24.5,NA,NA,NA,,6-44R,Baseline,,,
6,75,red,Link,1,24.5,NA,NA,NA,,6-75R,Day 8 (Acclimation),,,
6,79,yellow,Link,4,27,NA,NA,NA,,6-79Y,Day 22 (Rev Acc),,,
8,31,yellow,Link,,,,,,,8-31Y,,,,
6,86,yellow,Link,3,27,NA,NA,NA,,6-86Y,Day 8 (Acclimation),,,
6,93,red,Link,2,24.5,NA,NA,NA,,6-93R,Day 22 (Rev Acc),,,
7,85,blue,Link,2,24.5,NA,NA,NA,,7-85B,Day 22 (Rev Acc),,,
7,49,red,Link,System,24.5,NA,NA,NA,,7-49R,Baseline,,,
7,80,red,Link,3,27,NA,NA,NA,,7-80R,Day 8 (Acclimation),,,
7,83,red,Link,4,27,NA,NA,NA,,7-83R,Day 22 (Rev Acc),,,
7,87,yellow,Link,1,24.5,NA,NA,NA,,7-87Y,Day 8 (Acclimation),,,
8,22,red,Link,System,24.5,NA,NA,NA,,8-22R,Baseline,,,
8,24,yellow,Link,4,27,NA,NA,NA,,8-24Y,Day 8 (Acclimation),,,
8,59,yellow,Link,2,24.5,NA,NA,NA,,8-59Y,Day 22 (Rev Acc),,,
8,60,red,Link,3,27,NA,NA,NA,,8-60R,Day 22 (Rev Acc),,,
8,77,yellow,Link,1,24.5,NA,NA,NA,,8-77Y,Day 8 (Acclimation),,,