Heat_stress_day,Heat_stress_group,Heat_stress_treatment,Acc_group,Acc_treatment,Genotype,Frag_id,R,prop.R,G,prop.G,B,prop.B,Notes
D00,heat,36,control,24.5,7,7-53Y,74.000,1.223,31.125,2.707,0.375,3,"Unrecognized function or variable 'RED'. Error in AnalyzeIntensityModifications (line 179)
disp([RED(:,1) GREEN(:,1) BLUE(:,1)]);"
D00,heat,36,control,24.5,5,5-50Y,130.125,1.624,97.000,4.409,64.750,103.6,
D00,heat,36,control,24.5,3,3-72R,91.875,3.063,29.500,18.154,1.000,#DIV/0!,
D00,heat,36,control,24.5,2,2-79R,139.000,1.145,121.000,2.086,16.000,21.33333333,
D00,heat,36,control,24.5,1,1-54Y,119.875,2.067,71.500,9.377,21.250,85,
D00,control,24.5,control,24.5,7,7-88Y,60.500,1.223,11.500,2.707,0.125,3,
D00,control,24.5,control,24.5,5,5-62Y,80.125,1.624,22.000,4.409,0.625,103.6,
D00,control,24.5,control,24.5,3,3-91R,30.000,3.063,1.625,18.154,0.000,#DIV/0!,-
D00,control,24.5,control,24.5,2,2-65R,121.375,1.145,58.000,2.086,0.750,21.33333333,
D00,control,24.5,control,24.5,1,1-27Y,58.000,2.067,7.625,9.377,0.250,85,
D07,control,24.5,control,24.5,4,4-70Y,102.250,1.450,48.375,2.388,3.875,18.80645161,
D07,control,24.5,control,24.5,3,3-29R,15.625,8.184,1.125,62.444,0.000,#DIV/0!,-
D07,control,24.5,control,24.5,2,2-35R,123.375,1.227,66.250,2.121,3.250,31.92307692,
D07,control,24.5,control,24.5,1,1-40Y,38.375,3.326,8.375,11.343,0.250,219.5,
D07,control,24.5,acclimated,27,4,4-95Y,115.625,1.142,66.625,1.544,14.875,4.537815126,
D07,control,24.5,acclimated,27,3,3-90Y,25.500,2.794,0.875,23.000,0.000,#DIV/0!,-
D07,control,24.5,acclimated,27,2,2-34Y,86.000,1.698,33.125,3.581,0.125,622,
D07,control,24.5,acclimated,27,1,1-68Y,66.125,1.524,20.500,2.817,0.250,71.5,
D07,heat,36,control,24.5,4,4-65Y,148.250,1.450,115.500,2.388,72.875,18.80645161,
D07,heat,36,control,24.5,3,3-62R,127.875,8.184,70.250,62.444,12.500,#DIV/0!,
D07,heat,36,control,24.5,2,2-47Y,151.375,1.227,140.500,2.121,103.750,31.92307692,
D07,heat,36,control,24.5,1,1-92Y,127.625,3.326,95.000,11.343,54.875,219.5,
D07,heat,36,acclimated,27,4,4-48R,132.000,1.142,102.875,1.544,67.500,4.537815126,
D07,heat,36,acclimated,27,3,3-48Y,71.250,2.794,20.125,23.000,0.500,#DIV/0!,
D07,heat,36,acclimated,27,2,2-29Y,146.000,1.698,118.625,3.581,77.750,622,
D07,heat,36,acclimated,27,1,1-28R,100.750,1.524,57.750,2.817,17.875,71.5,
D11,control,24.5,control,24.5,8,8-20R,66.750,2.028,33.875,3.373,6.125,14.14285714,
D11,control,24.5,control,24.5,7,7-24R,104.000,1.220,69.375,1.454,22.500,2.388888889,
D11,control,24.5,control,24.5,6,6-38R,84.250,1.387,47.125,1.756,12.625,3.683168317,
D11,control,24.5,control,24.5,5,5-63R,101.250,1.130,62.375,1.337,25.375,2.093596059,
D11,control,24.5,acclimated,27,8,8-55Y,74.125,1.637,42.125,1.997,8.625,5.507246377,
D11,control,24.5,acclimated,27,7,7-43Y,117.750,1.004,76.500,1.070,25.375,1.389162562,
D11,control,24.5,acclimated,27,6,6-73Y,72.625,1.682,38.625,2.194,7.000,6.714285714,
D11,control,24.5,acclimated,27,5,5-61R,61.875,1.974,28.625,3.559,5.625,6.666666667,
D11,heat,36,control,24.5,8,8-57Y,135.374,2.028,114.250,3.373,86.625,14.14285714,
D11,heat,36,control,24.5,7,7-80Y,126.875,1.220,100.875,1.454,53.750,2.388888889,
D11,heat,36,control,24.5,6,6-60Y,116.875,1.387,82.750,1.756,46.500,3.683168317,
D11,heat,36,control,24.5,5,5-90R,114.375,1.130,83.375,1.337,53.125,2.093596059,
D11,heat,36,acclimated,27,8,8-94R,121.375,1.637,84.125,1.997,47.500,5.507246377,
D11,heat,36,acclimated,27,7,7-57R,118.250,1.004,81.875,1.070,35.250,1.389162562,
D11,heat,36,acclimated,27,6,6-41R,122.125,1.682,84.750,2.194,47.000,6.714285714,
D11,heat,36,acclimated,27,5,5-71R,122.125,1.974,101.875,3.559,37.500,6.666666667,
D14,control,24.5,control,24.5,1,1-51Y,54.750,1.201,9.375,3.107,0.125,29,
D14,control,24.5,control,24.5,5,5-82Y,46.875,2.488,10.375,8.940,0.000,#DIV/0!,-
D14,control,24.5,control,24.5,6,6-82R,37.750,3.844,4.250,25.735,0.250,208,
D14,control,24.5,control,24.5,8,8-30R,69.625,1.488,17.750,3.528,0.000,#DIV/0!,
D14,control,24.5,acclimated,27,1,1-78R,33.375,2.521,2.125,20.000,0.000,#DIV/0!,-
D14,control,24.5,acclimated,27,5,5-46R,36.500,3.425,4.875,19.692,0.250,192.5,
D14,control,24.5,acclimated,27,6,6-92R,71.000,1.143,18.500,2.014,0.000,#DIV/0!,-
D14,control,24.5,acclimated,27,8,8-95R,37.375,2.361,2.750,17.364,0.000,#DIV/0!,-
D14,heat,36,control,24.5,1,1-58Y,65.750,1.201,29.125,3.107,3.625,29,
D14,heat,36,control,24.5,5,5-88R,116.625,2.488,92.750,8.940,25.250,#DIV/0!,
D14,heat,36,control,24.5,6,6-67R,145.125,3.844,109.375,25.735,52.000,208,
D14,heat,36,control,24.5,8,8-85Y,103.625,1.488,62.625,3.528,17.875,#DIV/0!,
D14,heat,36,acclimated,27,1,1-42R,84.125,2.521,42.500,20.000,4.250,#DIV/0!,
D14,heat,36,acclimated,27,5,5-43R,125.000,3.425,96.000,19.692,48.125,192.5,
D14,heat,36,acclimated,27,6,6-32R,81.125,1.143,37.250,2.014,2.000,#DIV/0!,
D14,heat,36,acclimated,27,8,8-50R,88.250,2.361,47.750,17.364,2.000,#DIV/0!,
D21,control,24.5,control,24.5,6,6-72Y,49.500,2.222,18.625,4.154,2.250,19.55555556,
D21,control,24.5,control,24.5,7,7-64Y,106.375,1.088,63.625,1.299,17.625,1.304964539,
D21,control,24.5,control,24.5,8,8-33Y,90.000,1.651,47.375,2.631,4.375,20.85714286,
D21,control,24.5,control,24.5,1,1-45Y,88.375,1.216,52.125,1.415,16.625,2.503759398,
D21,control,24.5,acclimated,27,6,6-64R,90.750,1.264,48.500,1.621,5.625,6.555555556,
D21,control,24.5,acclimated,27,7,7-31R,87.000,1.602,46.000,2.280,10.000,6.525,
D21,control,24.5,acclimated,27,8,8-36Y,77.125,1.750,40.125,2.542,5.250,12.11904762,
D21,control,24.5,acclimated,27,1,1-52Y,78.500,1.178,38.375,1.583,6.250,4.14,
D21,heat,36,control,24.5,6,6-22Y,110.000,2.222,77.375,4.154,44.000,19.55555556,
D21,heat,36,control,24.5,7,7-36R,115.750,1.088,82.625,1.299,23.000,1.304964539,
D21,heat,36,control,24.5,8,8-45R,148.625,1.651,124.625,2.631,91.250,20.85714286,
D21,heat,36,control,24.5,1,1-63Y,107.500,1.216,73.750,1.415,41.625,2.503759398,
D21,heat,36,acclimated,27,6,6-59R,114.750,1.264,78.625,1.621,36.875,6.555555556,
D21,heat,36,acclimated,27,7,7-39R,139.375,1.602,104.875,2.280,65.250,6.525,
D21,heat,36,acclimated,27,8,8-19R,135.000,1.750,102.000,2.542,63.625,12.11904762,
D21,heat,36,acclimated,27,1,1-46Y,92.500,1.178,60.750,1.583,25.875,4.14,