"Genotype","Tag.Number","Color","Photo.Link","Tank","Acc.Treatment","Heat.Stress.Day","Heat.Stress.Treatment","yield","prop.yield","Tube.Label","ATAC.Sample.Group","PCR.Forward.Primer","PCR.Reverse.Primer","Notes","FvFm","FragKey","PairID"
"5",61,"red","Link","3","27","D11","Control",644,0.635093168,"5-61R",NA,NA,NA,"",0.644,"5_61_R","5.27.D11"
"5",63,"red","Link","1","24.5","D11","Control",656,0.714939024,"5-63R",NA,NA,NA,"",0.656,"5_63_R","5.24.5.D11"
"5",71,"red","Link","4","27","D11","Heat Stress",409,0.635093168,"5-71R",NA,NA,NA,"",0.409,"5_71_R","5.27.D11"
"5",90,"red","Link","2","24.5","D11","Heat Stress",469,0.714939024,"5-90R",NA,NA,NA,"",0.469,"5_90_R","5.24.5.D11"
"6",38,"red","Link","2","24.5","D11","Control",657,0.785388128,"6-38R",NA,NA,NA,"",0.657,"6_38_R","6.24.5.D11"
"6",41,"red","Link","3","27","D11","Heat Stress",549,0.810930576,"6-41R",NA,NA,NA,"",0.549,"6_41_R","6.27.D11"
"6",60,"yellow","Link","2","24.5","D11","Heat Stress",516,0.785388128,"6-60Y",NA,NA,NA,"",0.516,"6_60_Y","6.24.5.D11"
"6",73,"yellow","Link","3","27","D11","Control",677,0.810930576,"6-73Y",NA,NA,NA,"",0.677,"6_73_Y","6.27.D11"
"7",24,"red","Link","2","24.5","D11","Control",684,0.410818714,"7-24R",NA,NA,NA,"",0.684,"7_24_R","7.24.5.D11"
"7",43,"yellow","Link","4","27","D11","Control",628,0.899681529,"7-43Y",NA,NA,NA,"",0.628,"7_43_Y","7.27.D11"
"7",57,"red","Link","3","27","D11","Heat Stress",565,0.899681529,"7-57R",NA,NA,NA,"",0.565,"7_57_R","7.27.D11"
"7",80,"yellow","Link","1","24.5","D11","Heat Stress",281,0.410818714,"7-80Y",NA,NA,NA,"",0.281,"7_80_Y","7.24.5.D11"
"8",20,"red","Link","1","24.5","D11","Control",657,0.697108067,"8-20R",NA,NA,NA,"",0.657,"8_20_R","8.24.5.D11"
"8",55,"yellow","Link","4","27","D11","Control",644,0.855590062,"8-55Y",NA,NA,NA,"",0.644,"8_55_Y","8.27.D11"
"8",57,"yellow","Link","1","24.5","D11","Heat Stress",458,0.697108067,"8-57Y",NA,NA,NA,"",0.458,"8_57_Y","8.24.5.D11"
"8",94,"red","Link","4","27","D11","Heat Stress",551,0.855590062,"8-94R",NA,NA,NA,"",0.551,"8_94_R","8.27.D11"
"1",42,"red","Link","3","27","D14","Heat Stress",566,0.846038864,"1-42R",NA,NA,NA,"",0.566,"1_42_R","1.27.D14"
"1",51,"yellow","Link","1","24.5","D14","Control",690,0.804347826,"1-51Y",NA,NA,NA,"",0.69,"1_51_Y","1.24.5.D14"
"1",58,"yellow","Link","2","24.5","D14","Heat Stress",555,0.804347826,"1-58Y",NA,NA,NA,"",0.555,"1_58_Y","1.24.5.D14"
"1",78,"red","Link","4","27","D14","Control",669,0.846038864,"1-78R",NA,NA,NA,"",0.669,"1_78_R","1.27.D14"
"5",43,"red","Link","4","27","D14","Heat Stress",484,0.794745484,"5-43R",NA,NA,NA,"",0.484,"5_43_R","5.27.D14"
"5",46,"red","Link","3","27","D14","Control",609,0.794745484,"5-46R",NA,NA,NA,"",0.609,"5_46_R","5.27.D14"
"5",82,"yellow","Link","2","24.5","D14","Control",623,0.634028893,"5-82Y",NA,NA,NA,"",0.623,"5_82_Y","5.24.5.D14"
"5",88,"red","Link","1","24.5","D14","Heat Stress",395,0.634028893,"5-88R",NA,NA,NA,"",0.395,"5_88_R","5.24.5.D14"
"6",32,"red","Link","3","27","D14","Heat Stress",498,0.745508982,"6-32R",NA,NA,NA,"",0.498,"6_32_R","6.27.D14"
"6",67,"red","Link","2","24.5","D14","Heat Stress",569,0.827034884,"6-67R",NA,NA,NA,"",0.569,"6_67_R","6.24.5.D14"
"6",82,"red","Link","1","24.5","D14","Control",688,0.827034884,"6-82R",NA,NA,NA,"",0.688,"6_82_R","6.24.5.D14"
"6",92,"red","Link","4","27","D14","Control",668,0.745508982,"6-92R",NA,NA,NA,"",0.668,"6_92_R","6.27.D14"
"8",30,"red","Link","2","24.5","D14","Control",640,0.821875,"8-30R",NA,NA,NA,"",0.64,"8_30_R","8.24.5.D14"
"8",50,"red","Link","4","27","D14","Heat Stress",484,0.721311475,"8-50R",NA,NA,NA,"",0.484,"8_50_R","8.27.D14"
"8",85,"yellow","Link","1","24.5","D14","Heat Stress",526,0.821875,"8-85Y",NA,NA,NA,"",0.526,"8_85_Y","8.24.5.D14"
"8",95,"red","Link","3","27","D14","Control",671,0.721311475,"8-95R",NA,NA,NA,"",0.671,"8_95_R","8.27.D14"
"1",45,"yellow","Link","1","24.5","D21","Control",709,0.747531735,"1-45Y",NA,NA,NA,"",0.709,"1_45_Y","1.24.5.D21"
"1",46,"yellow","Link","3","27","D21","Heat Stress",526,0.76121563,"1-46Y",NA,NA,NA,"",0.526,"1_46_Y","1.27.D21"
"1",52,"yellow","Link","4","27","D21","Control",691,0.76121563,"1-52Y",NA,NA,NA,"",0.691,"1_52_Y","1.27.D21"
"1",63,"yellow","Link","2","24.5","D21","Heat Stress",530,0.747531735,"1-63Y",NA,NA,NA,"",0.53,"1_63_Y","1.24.5.D21"
"6",22,"yellow","Link","1","24.5","D21","Heat Stress",494,0.753048781,"6-22Y",NA,NA,NA,"",0.494,"6_22_Y","6.24.5.D21"
"6",59,"red","Link","4","27","D21","Heat Stress",549,0.774330042,"6-59R",NA,NA,NA,"",0.549,"6_59_R","6.27.D21"
"6",64,"red","Link","4","27","D21","Control",709,0.774330042,"6-64R",NA,NA,NA,"",0.709,"6_64_R","6.27.D21"
"6",72,"yellow","Link","1","24.5","D21","Control",656,0.753048781,"6-72Y",NA,NA,NA,"",0.656,"6_72_Y","6.24.5.D21"
"7",31,"red","Link","3","27","D21","Control",677,0.728212703,"7-31R",NA,NA,NA,"",0.677,"7_31_R","7.27.D21"
"7",36,"red","Link","1","24.5","D21","Heat Stress",482,0.740399386,"7-36R",NA,NA,NA,"",0.482,"7_36_R","7.24.5.D21"
"7",39,"red","Link","4","27","D21","Heat Stress",493,0.728212703,"7-39R",NA,NA,NA,"",0.493,"7_39_R","7.27.D21"
"7",64,"yellow","Link","2","24.5","D21","Control",651,0.740399386,"7-64Y",NA,NA,NA,"",0.651,"7_64_Y","7.24.5.D21"
"8",19,"red","Link","3","27","D21","Heat Stress",583,0.91522763,"8-19R",NA,NA,NA,"",0.583,"8_19_R","8.27.D21"
"8",33,"yellow","Link","2","24.5","D21","Control",652,0.550613497,"8-33Y",NA,NA,NA,"",0.652,"8_33_Y","8.24.5.D21"
"8",36,"yellow","Link","3","27","D21","Control",637,0.91522763,"8-36Y",NA,NA,NA,"",0.637,"8_36_Y","8.27.D21"
"8",45,"red","Link","2","24.5","D21","Heat Stress",359,0.550613497,"8-45R",NA,NA,NA,"",0.359,"8_45_R","8.24.5.D21"
"1",28,"red","Link","4","27","D07","Heat Stress",539,0.790322581,"1-28R",NA,NA,NA,"",0.539,"1_28_R","1.27.D07"
"1",40,"yellow","Link","1","24.5","D07","Control",670,0.458208955,"1-40Y",NA,NA,NA,"",0.67,"1_40_Y","1.24.5.D07"
"1",68,"yellow","Link","3","27","D07","Control",682,0.790322581,"1-68Y",NA,NA,NA,"",0.682,"1_68_Y","1.27.D07"
"1",92,"yellow","Link","2","24.5","D07","Heat Stress",307,0.458208955,"1-92Y",NA,NA,NA,"",0.307,"1_92_Y","1.24.5.D07"
"2",29,"yellow","Link","3","27","D07","Heat Stress",559,0.885895404,"2-29Y",NA,NA,NA,"",0.559,"2_29_Y","2.27.D07"
"2",34,"yellow","Link","4","27","D07","Control",631,0.885895404,"2-34Y",NA,NA,NA,"",0.631,"2_34_Y","2.27.D07"
"2",35,"red","Link","1","24.5","D07","Control",609,0.765188834,"2-35R",NA,NA,NA,"",0.609,"2_35_R","2.24.5.D07"
"2",47,"yellow","Link","2","24.5","D07","Heat Stress",466,0.765188834,"2-47Y",NA,NA,NA,"",0.466,"2_47_Y","2.24.5.D07"
"3",29,"red","Link","2","24.5","D07","Control",660,0.862121212,"3-29R",NA,NA,NA,"",0.66,"3_29_R","3.24.5.D07"
"3",48,"yellow","Link","4","27","D07","Heat Stress",628,0.964669739,"3-48Y",NA,NA,NA,"",0.628,"3_48_Y","3.27.D07"
"3",62,"red","Link","1","24.5","D07","Heat Stress",569,0.862121212,"3-62R",NA,NA,NA,"",0.569,"3_62_R","3.24.5.D07"
"3",90,"yellow","Link","3","27","D07","Control",651,0.964669739,"3-90Y",NA,NA,NA,"",0.651,"3_90_Y","3.27.D07"
"4",48,"red","Link","3","27","D07","Heat Stress",414,0.658187599,"4-48R",NA,NA,NA,"",0.414,"4_48_R","4.27.D07"
"4",65,"yellow","Link","1","24.5","D07","Heat Stress",266,0.422893482,"4-65Y",NA,NA,NA,"",0.266,"4_65_Y","4.24.5.D07"
"4",70,"yellow","Link","2","24.5","D07","Control",608,0.422893482,"4-70Y",NA,NA,NA,"",0.608,"4_70_Y","4.24.5.D07"
"4",95,"yellow","Link","4","27","D07","Control",629,0.658187599,"4-95Y",NA,NA,NA,"",0.629,"4_95_Y","4.27.D07"
