"FragKey","red_intensity","Genotype","Acc.Treatment","Heat.Stress.Day","Heat.Stress.Treatment","PairID"
"4_70_Y",102.25,"4","24.5","D07","Control","4.24.5.D07"
"3_29_R",15.625,"3","24.5","D07","Control","3.24.5.D07"
"2_35_R",123.375,"2","24.5","D07","Control","2.24.5.D07"
"1_40_Y",38.375,"1","24.5","D07","Control","1.24.5.D07"
"4_95_Y",115.625,"4","27","D07","Control","4.27.D07"
"3_90_Y",25.5,"3","27","D07","Control","3.27.D07"
"2_34_Y",86,"2","27","D07","Control","2.27.D07"
"1_68_Y",66.125,"1","27","D07","Control","1.27.D07"
"4_65_Y",148.25,"4","24.5","D07","Heat Stress","4.24.5.D07"
"3_62_R",127.875,"3","24.5","D07","Heat Stress","3.24.5.D07"
"2_47_Y",151.375,"2","24.5","D07","Heat Stress","2.24.5.D07"
"1_92_Y",127.625,"1","24.5","D07","Heat Stress","1.24.5.D07"
"4_48_R",132,"4","27","D07","Heat Stress","4.27.D07"
"3_48_Y",71.25,"3","27","D07","Heat Stress","3.27.D07"
"2_29_Y",146,"2","27","D07","Heat Stress","2.27.D07"
"1_28_R",100.75,"1","27","D07","Heat Stress","1.27.D07"
"8_20_R",66.75,"8","24.5","D11","Control","8.24.5.D11"
"7_24_R",104,"7","24.5","D11","Control","7.24.5.D11"
"6_38_R",84.25,"6","24.5","D11","Control","6.24.5.D11"
"5_63_R",101.25,"5","24.5","D11","Control","5.24.5.D11"
"8_55_Y",74.125,"8","27","D11","Control","8.27.D11"
"7_43_Y",117.75,"7","27","D11","Control","7.27.D11"
"6_73_Y",72.625,"6","27","D11","Control","6.27.D11"
"5_61_R",61.875,"5","27","D11","Control","5.27.D11"
"8_57_Y",135.374,"8","24.5","D11","Heat Stress","8.24.5.D11"
"7_80_Y",126.875,"7","24.5","D11","Heat Stress","7.24.5.D11"
"6_60_Y",116.875,"6","24.5","D11","Heat Stress","6.24.5.D11"
"5_90_R",114.375,"5","24.5","D11","Heat Stress","5.24.5.D11"
"8_94_R",121.375,"8","27","D11","Heat Stress","8.27.D11"
"7_57_R",118.25,"7","27","D11","Heat Stress","7.27.D11"
"6_41_R",122.125,"6","27","D11","Heat Stress","6.27.D11"
"5_71_R",122.125,"5","27","D11","Heat Stress","5.27.D11"
"1_51_Y",54.75,"1","24.5","D14","Control","1.24.5.D14"
"5_82_Y",46.875,"5","24.5","D14","Control","5.24.5.D14"
"6_82_R",37.75,"6","24.5","D14","Control","6.24.5.D14"
"8_30_R",69.625,"8","24.5","D14","Control","8.24.5.D14"
"1_78_R",33.375,"1","27","D14","Control","1.27.D14"
"5_46_R",36.5,"5","27","D14","Control","5.27.D14"
"6_92_R",71,"6","27","D14","Control","6.27.D14"
"8_95_R",37.375,"8","27","D14","Control","8.27.D14"
"1_58_Y",65.75,"1","24.5","D14","Heat Stress","1.24.5.D14"
"5_88_R",116.625,"5","24.5","D14","Heat Stress","5.24.5.D14"
"6_67_R",145.125,"6","24.5","D14","Heat Stress","6.24.5.D14"
"8_85_Y",103.625,"8","24.5","D14","Heat Stress","8.24.5.D14"
"1_42_R",84.125,"1","27","D14","Heat Stress","1.27.D14"
"5_43_R",125,"5","27","D14","Heat Stress","5.27.D14"
"6_32_R",81.125,"6","27","D14","Heat Stress","6.27.D14"
"8_50_R",88.25,"8","27","D14","Heat Stress","8.27.D14"
"6_72_Y",49.5,"6","24.5","D21","Control","6.24.5.D21"
"7_64_Y",106.375,"7","24.5","D21","Control","7.24.5.D21"
"8_33_Y",90,"8","24.5","D21","Control","8.24.5.D21"
"1_45_Y",88.375,"1","24.5","D21","Control","1.24.5.D21"
"6_64_R",90.75,"6","27","D21","Control","6.27.D21"
"7_31_R",87,"7","27","D21","Control","7.27.D21"
"8_36_Y",77.125,"8","27","D21","Control","8.27.D21"
"1_52_Y",78.5,"1","27","D21","Control","1.27.D21"
"6_22_Y",110,"6","24.5","D21","Heat Stress","6.24.5.D21"
"7_36_R",115.75,"7","24.5","D21","Heat Stress","7.24.5.D21"
"8_45_R",148.625,"8","24.5","D21","Heat Stress","8.24.5.D21"
"1_63_Y",107.5,"1","24.5","D21","Heat Stress","1.24.5.D21"
"6_59_R",114.75,"6","27","D21","Heat Stress","6.27.D21"
"7_39_R",139.375,"7","27","D21","Heat Stress","7.27.D21"
"8_19_R",135,"8","27","D21","Heat Stress","8.27.D21"
"1_46_Y",92.5,"1","27","D21","Heat Stress","1.27.D21"
