"FragKey","Glutathione_activity_normal","Genotype","Acc.Treatment","Heat.Stress.Day","Heat.Stress.Treatment","PairID","log10_GR_activity"
"5_61_R",0.110232475,"5","27","D11","Control","5.27.D11",-0.957690441458953
"5_63_R",0.100829279,"5","24.5","D11","Control","5.24.5.D11",-0.99641333830963
"5_71_R",0.019449756,"5","27","D11","Heat Stress","5.27.D11",-1.71108584259114
"5_90_R",0.09083512,"5","24.5","D11","Heat Stress","5.24.5.D11",-1.04174620573809
"6_38_R",0.117745302,"6","24.5","D11","Control","6.24.5.D11",-0.929056412064709
"6_41_R",0.036274286,"6","27","D11","Heat Stress","6.27.D11",-1.44040112718276
"6_60_Y",0.070386426,"6","24.5","D11","Heat Stress","6.24.5.D11",-1.15251108633653
"6_73_Y",1.172117308,"6","27","D11","Control","6.27.D11",0.0689710789752417
"7_24_R",1.632801388,"7","24.5","D11","Control","7.24.5.D11",0.212933360890085
"7_43_Y",0.57853751,"7","27","D11","Control","7.27.D11",-0.237668477925881
"7_57_R",1.320126011,"7","27","D11","Heat Stress","7.27.D11",0.120615388228562
"7_80_Y",0.315457598,"7","24.5","D11","Heat Stress","7.24.5.D11",-0.50105900786892
"8_20_R",0.054222933,"8","24.5","D11","Control","8.24.5.D11",-1.26581699447843
"8_55_Y",0.157123697,"8","27","D11","Control","8.27.D11",-0.803758310821062
"8_57_Y",0.006298464,"8","24.5","D11","Heat Stress","8.24.5.D11",-2.20076534858724
"8_94_R",0.182368498,"8","27","D11","Heat Stress","8.27.D11",-0.739050178761598
"1_42_R",0.121438293,"1","27","D14","Heat Stress","1.27.D14",-0.915644346075496
"1_51_Y",0.126168899,"1","24.5","D14","Control","1.24.5.D14",-0.899047686750374
"1_58_Y",0.058507094,"1","24.5","D14","Heat Stress","1.24.5.D14",-1.23279147240896
"1_78_R",0.809272555,"1","27","D14","Control","1.27.D14",-0.0919051876615226
"5_43_R",0.007374339,"5","27","D14","Heat Stress","5.27.D14",-2.13227690165731
"5_46_R",0.481305364,"5","27","D14","Control","5.27.D14",-0.317579298217468
"5_82_Y",0.128955278,"5","24.5","D14","Control","5.24.5.D14",-0.889560877959033
"5_88_R",0.021208086,"5","24.5","D14","Heat Stress","5.24.5.D14",-1.67349852418246
"6_32_R",0.089644878,"6","27","D14","Heat Stress","6.27.D14",-1.04747451948589
"6_67_R",0.147885396,"6","24.5","D14","Heat Stress","6.24.5.D14",-0.830074711397077
"6_82_R",0.158567832,"6","24.5","D14","Control","6.24.5.D14",-0.799784911607666
"6_92_R",0.873138854,"6","27","D14","Control","6.27.D14",-0.0589166855833821
"8_30_R",0.026119183,"8","24.5","D14","Control","8.24.5.D14",-1.58304041178215
"8_50_R",0.107745528,"8","27","D14","Heat Stress","8.27.D14",-0.96760074627375
"8_85_Y",0.01785549,"8","24.5","D14","Heat Stress","8.24.5.D14",-1.74822822716394
"8_95_R",0.028913463,"8","27","D14","Control","8.27.D14",-1.53889988924523
"1_45_Y",0.181702678,"1","24.5","D21","Control","1.24.5.D21",-0.740638671855137
"1_46_Y",0.497275058,"1","27","D21","Heat Stress","1.27.D21",-0.303403323282594
"1_52_Y",0.147437288,"1","27","D21","Control","1.27.D21",-0.831392666241691
"1_63_Y",0.513774995,"1","24.5","D21","Heat Stress","1.24.5.D21",-0.28922703630513
"6_22_Y",6.4461e-05,"6","24.5","D21","Heat Stress","6.24.5.D21",-4.19070296144991
"6_59_R",0.297901331,"6","27","D21","Heat Stress","6.27.D21",-0.525927556386621
"6_64_R",0.295522512,"6","27","D21","Control","6.27.D21",-0.52940943029886
"6_72_Y",0.37768326,"6","24.5","D21","Control","6.24.5.D21",-0.422872263916823
"7_31_R",0.945507767,"7","27","D21","Control","7.27.D21",-0.024334899234186
"7_36_R",0.344920435,"7","24.5","D21","Heat Stress","7.24.5.D21",-0.462281074856048
"7_39_R",0.937159028,"7","27","D21","Heat Stress","7.27.D21",-0.0281867067401156
"7_64_Y",0.498853312,"7","24.5","D21","Control","7.24.5.D21",-0.302027140056768
"8_19_R",0.000103969,"8","27","D21","Heat Stress","8.27.D21",-3.98309613316143
"8_33_Y",0.158249685,"8","24.5","D21","Control","8.24.5.D21",-0.800657145783896
"8_36_Y",0.089577298,"8","27","D21","Control","8.27.D21",-1.04780204170589
"8_45_R",0.032789441,"8","24.5","D21","Heat Stress","8.24.5.D21",-1.48426598719415
"1_28_R",0.274250381,"1","27","D07","Heat Stress","1.27.D07",-0.561852760412932
"1_40_Y",0.163439836,"1","24.5","D07","Control","1.24.5.D07",-0.786642082158347
"1_68_Y",0.120502569,"1","27","D07","Control","1.27.D07",-0.919003694245701
"1_92_Y",0.074109361,"1","24.5","D07","Heat Stress","1.24.5.D07",-1.13012693137458
"2_29_Y",2.49526e-05,"2","27","D07","Heat Stress","2.27.D07",-4.60288419525812
"2_34_Y",0.003056699,"2","27","D07","Control","2.27.D07",-2.51474732511922
"2_35_R",0.018319609,"2","24.5","D07","Control","2.24.5.D07",-1.73708379982508
"2_47_Y",0.0017523,"2","24.5","D07","Heat Stress","2.24.5.D07",-2.75639153904064
"3_29_R",0.030949599,"3","24.5","D07","Control","3.24.5.D07",-1.5093449735652
"3_48_Y",0.040289791,"3","27","D07","Heat Stress","3.27.D07",-1.39480498547293
"3_62_R",0.043506811,"3","24.5","D07","Heat Stress","3.24.5.D07",-1.3614427488346
"3_90_Y",0.133184752,"3","27","D07","Control","3.27.D07",-0.875545493644104
"4_48_R",4.57465e-05,"4","27","D07","Heat Stress","4.27.D07",-4.33964212758295
"4_65_Y",0.000149716,"4","24.5","D07","Heat Stress","4.24.5.D07",-3.82473178455744
"4_70_Y",0.731258105,"4","24.5","D07","Control","4.24.5.D07",-0.135929307320336
"4_95_Y",0.617578005,"4","27","D07","Control","4.27.D07",-0.20930817976628
