"gene","baseMean","peak_id","annotation","distanceToTSS","seqnames","start","end","width","strand","X1","X2","X3","X4","geneChr","geneStart","geneEnd","geneLength","geneStrand","geneId","transcriptId","mean_normalized_CPM","Promoter","abs.distanceToTSS","log2FoldChange"
"Amillepora00146",23.8749708566565,"chr1:1644349-1644749","Promoter (<=1kb)",0,"chr1",1644349,1644749,401,"*",107.653144721609,24.7388174778276,26.4658579523221,48.4425114272674,1,1644676,1656131,11456,1,"Amillepora00146","Amillepora00146-RA",144.851487041928,TRUE,0,3.5029019226234
"Amillepora00161",10.6139965657067,"chr1:1800209-1800609","Promoter (2-3kb)",-2770,"chr1",1800209,1800609,401,"*",20.9325559180907,0.603385792142137,29.7740901963624,17.8097468482601,1,1783777,1797439,13663,2,"Amillepora00161","Amillepora00161-RA",64.0432282970048,TRUE,2770,-2.87414125667736
"Amillepora00651",14.7392151116613,"chr1:7156140-7156540","Promoter (2-3kb)",2444,"chr1",7156140,7156540,401,"*",2.99036513115581,3.62031475285282,9.92469673212081,11.3982379828865,1,7132143,7158984,26842,2,"Amillepora00651","Amillepora00651-RA",30.6009183078446,TRUE,2444,-2.5194594402507
"Amillepora01216",6.46577172471745,"chr1:13641476-13641876","Promoter (2-3kb)",-2972,"chr1",13641476,13641876,401,"*",0,0,0,4.27433924358242,1,13616470,13638504,22035,2,"Amillepora01216","Amillepora01216-RA",5.20762813369016,TRUE,2972,-2.60455085254495
"Amillepora01446",31.6651691488775,"chr1:16151443-16151843","Promoter (<=1kb)",-465,"chr1",16151443,16151843,401,"*",2.99036513115581,4.82708633713709,0,11.3982379828865,1,16152308,16198182,45875,1,"Amillepora01446","Amillepora01446-RA",19.7461072096059,TRUE,465,-2.44707293869965
"Amillepora02196",1.86478444087847,"chr1:25670433-25670833","Promoter (<=1kb)",-411,"chr1",25670433,25670833,401,"*",38.8747467050255,18.7049595564062,16.5411612202013,22.0840860918425,1,25666350,25670022,3673,2,"Amillepora02196","Amillepora02196-RA",76.7591194683733,TRUE,411,-3.51415213507932
"Amillepora02204",9.65300794880133,"chr1:25748222-25748622","Promoter (2-3kb)",-2228,"chr1",25748222,25748622,401,"*",11.9614605246232,4.82708633713709,28.1199740743423,33.482324074729,1,25750850,25752247,1398,1,"Amillepora02204","Amillepora02204-RA",83.2988342178792,TRUE,2228,-2.57742614092302
"Amillepora02508",1.77940927027202,"chr1:30102222-30102622","Promoter (<=1kb)",0,"chr1",30102222,30102622,401,"*",1644.70082213569,18.1015737642641,1865.84298563871,2072.34214326354,1,30102563,30102635,73,1,"Amillepora02508","Amillepora02508-RA",5242.20403145755,TRUE,0,-2.38053554631121
"Amillepora02704",38.9307296461736,"chr1:32328258-32328658","Promoter (<=1kb)",0,"chr1",32328258,32328658,401,"*",245.209940754776,36.2031475285282,44.6611352945436,66.9646481494579,1,32325323,32328496,3174,2,"Amillepora02704","Amillepora02704-RA",236.716174928954,TRUE,0,-3.65112260837671
"Amillepora02809",9.19957071775155,"chr1:33717312-33717712","Promoter (1-2kb)",1611,"chr1",33717312,33717712,401,"*",35.8843815738697,18.1015737642641,0,4.27433924358242,1,33700863,33719323,18461,2,"Amillepora02809","Amillepora02809-RA",33.4474074985208,TRUE,1611,-2.11133959639847
"Amillepora02814",6.29538211560698,"chr1:33782362-33782762","Promoter (1-2kb)",1928,"chr1",33782362,33782762,401,"*",0,6.03385792142137,1.65411612202013,0,1,33774503,33784690,10188,2,"Amillepora02814","Amillepora02814-RA",8.3957594913377,TRUE,1928,-2.98463317574776
"Amillepora03081",21.6536806588383,"chr1:37167227-37167627","Promoter (1-2kb)",-1456,"chr1",37167227,37167627,401,"*",20.9325559180907,44.6505486185181,39.6987869284832,4.98672911751282,1,37169083,37174403,5321,1,"Amillepora03081","Amillepora03081-RA",107.081299167303,TRUE,1456,2.69065478632419
"Amillepora03115",4.50215632546421,"chr1:37596515-37596915","Promoter (<=1kb)",-667,"chr1",37596515,37596915,401,"*",8.97109539346742,1.81015737642641,1.65411612202013,3.56194936965202,1,37592983,37595848,2866,2,"Amillepora03115","Amillepora03115-RA",10.5528732371487,TRUE,667,-2.71950224580402
"Amillepora03132",36.0679278321774,"chr1:37730163-37730563","Promoter (2-3kb)",-2799,"chr1",37730163,37730563,401,"*",56.8169374919603,0,18.1952773422215,18.5221367221905,1,37733362,37739598,6237,1,"Amillepora03132","Amillepora03132-RA",59.239824214781,TRUE,2799,-3.36050168466435
"Amillepora03152",29.1968704146625,"chr1:38005310-38005710","Promoter (<=1kb)",-249,"chr1",38005310,38005710,401,"*",140.547161164323,16.8948021799798,38.0446708064631,47.730121553337,1,38003567,38005061,1495,2,"Amillepora03152","Amillepora03152-RA",158.20594412836,TRUE,249,4.33229194582451
"Amillepora03552",4.07000968204792,"chr2:3942262-3942662","Promoter (2-3kb)",2751,"chr2",3942262,3942662,401,"*",2.99036513115581,18.7049595564062,8.27058061010067,2.13716962179121,2,3940066,3945413,5348,2,"Amillepora03552","Amillepora03552-RA",33.2314984743055,TRUE,2751,-2.0757674192144
"Amillepora03556",3.70959496550646,"chr2:4005969-4006369","Promoter (1-2kb)",-1381,"chr2",4005969,4006369,401,"*",5.98073026231162,10.2575584664163,1.65411612202013,12.1106278568169,2,3992496,4004588,12093,2,"Amillepora03556","Amillepora03556-RA",29.1321662755484,TRUE,1381,-2.48068765795738
"Amillepora03616",10.6124352471605,"chr2:4642577-4642977","Promoter (1-2kb)",-1606,"chr2",4642577,4642977,401,"*",2.99036513115581,2.41354316856855,8.27058061010067,4.27433924358242,2,4644583,4674061,29479,1,"Amillepora03616","Amillepora03616-RA",18.6251006388238,TRUE,1606,-2.52253982751749
"Amillepora04152",57.8754308154631,"chr2:12793527-12793927","Promoter (1-2kb)",1118,"chr2",12793527,12793927,401,"*",74.7591282788952,25.9455890621119,36.390554684443,39.8938329401026,2,12776673,12795045,18373,2,"Amillepora04152","Amillepora04152-RA",139.48315800774,TRUE,1118,-3.71938916829771
"Amillepora04191",555.817814737547,"chr2:13264969-13265369","Promoter (<=1kb)",-150,"chr2",13264969,13265369,401,"*",110.643509852765,25.9455890621119,38.0446708064631,53.4292405447802,2,13256968,13264819,7852,2,"Amillepora04191","Amillepora04191-RA",167.112909061591,TRUE,150,2.19670622752112
"Amillepora04329",110.4507955441,"chr2:14927079-14927479","Promoter (<=1kb)",0,"chr2",14927079,14927479,401,"*",68.7783980165836,15.0846448035534,14.8870450981812,35.6194936965202,2,14927427,14933201,5775,1,"Amillepora04329","Amillepora04329-RA",95.0016115026038,TRUE,0,2.08577404731147
"Amillepora04359",9.18536405353192,"chr2:15281266-15281666","Promoter (1-2kb)",1600,"chr2",15281266,15281666,401,"*",14.951825655779,1.20677158428427,1.65411612202013,0.712389873930403,2,15282311,15283266,956,2,"Amillepora04359","Amillepora04359-RA",7.96325950830995,TRUE,1600,2.67968962094964
"Amillepora04675",32.4007341461109,"chr2:19524443-19524843","Promoter (<=1kb)",664,"chr2",19524443,19524843,401,"*",5.98073026231162,0.603385792142137,0,2.13716962179121,2,19514822,19525507,10686,2,"Amillepora04675","Amillepora04675-RA",4.76078293841659,TRUE,664,2.30232872094295
"Amillepora04803",5.75050177828902,"chr2:21056684-21057084","Promoter (1-2kb)",-1934,"chr2",21056684,21057084,401,"*",0,0,4.9623483660604,2.84955949572161,2,21059018,21059593,576,1,"Amillepora04803","Amillepora04803-RA",9.53657289388785,TRUE,1934,-3.8864083234702
"Amillepora04915",15.5405506431507,"chr2:22467448-22467848","Promoter (<=1kb)",0,"chr2",22467448,22467848,401,"*",80.7398585412068,17.498187972122,26.4658579523221,42.0310025618938,2,22464311,22467508,3198,2,"Amillepora04915","Amillepora04915-RA",122.553070502008,TRUE,0,-2.00044634131239
"Amillepora05302",222.15435935048,"chr2:27108958-27109358","Promoter (<=1kb)",0,"chr2",27108958,27109358,401,"*",116.624240115076,10.2575584664163,26.4658579523221,43.4557823097546,2,27095566,27109041,13476,2,"Amillepora05302","Amillepora05302-RA",125.757285174449,TRUE,0,2.64204153169892
"Amillepora05377",19.6165454320321,"chr2:27991607-27992007","Promoter (<=1kb)",86,"chr2",27991607,27992007,401,"*",32.8940164427139,33.7896043599596,0,27.7832050832857,2,27991521,27997937,6417,1,"Amillepora05377","Amillepora05377-RA",77.9023820725368,TRUE,86,-2.2771105646713
"Amillepora05457",53.5347821790738,"chr2:29051044-29051444","Promoter (<=1kb)",0,"chr2",29051044,29051444,401,"*",68.7783980165836,18.1015737642641,52.9317159046443,44.168172183685,2,29051263,29061736,10474,1,"Amillepora05457","Amillepora05457-RA",155.100903551361,TRUE,0,2.81904472625397
"Amillepora05842",2.93785262938046,"chr2:33797866-33798266","Promoter (2-3kb)",2840,"chr2",33797866,33798266,401,"*",2.99036513115581,22.325274309259,8.27058061010067,2.84955949572161,2,33795026,33799447,4422,1,"Amillepora05842","Amillepora05842-RA",37.9239280304376,TRUE,2840,2.73388496095594
"Amillepora06634",8.4027409127034,"chr5:5237063-5237463","Promoter (2-3kb)",-2835,"chr5",5237063,5237463,401,"*",0,0.603385792142137,0,4.98672911751282,5,5226178,5234228,8051,2,"Amillepora06634","Amillepora06634-RA",6.71298141161358,TRUE,2835,3.65326814025997
"Amillepora06652",0.823872465947757,"chr5:5472307-5472707","Promoter (<=1kb)",0,"chr5",5472307,5472707,401,"*",8.97109539346742,30.772675399249,31.4282063183826,25.6460354614945,5,5472383,5481027,8645,1,"Amillepora06652","Amillepora06652-RA",104.443809027251,TRUE,0,2.54468640767136
"Amillepora06746",2808.90112353057,"chr5:6514426-6514826","Promoter (<=1kb)",0,"chr5",6514426,6514826,401,"*",83.7302236723626,12.6711016349849,19.8493934642416,53.4292405447802,5,6500473,6514483,14011,2,"Amillepora06746","Amillepora06746-RA",124.014105881665,TRUE,0,3.20685567607442
"Amillepora06879",2.1544309212274,"chr5:8801628-8802028","Promoter (<=1kb)",0,"chr5",8801628,8802028,401,"*",86.7205888035184,22.9286601014012,31.4282063183826,52.0044607969194,5,8796939,8801641,4703,2,"Amillepora06879","Amillepora06879-RA",148.025314535418,TRUE,0,-2.17595238226306
"Amillepora06882",65.2562060841406,"chr5:8820352-8820752","Promoter (2-3kb)",2347,"chr5",8820352,8820752,401,"*",32.8940164427139,44.6505486185181,33.0823224404027,65.5398684015971,5,8818005,8825771,7767,1,"Amillepora06882","Amillepora06882-RA",175.808710553425,TRUE,2347,2.9846261437024
"Amillepora07346",20.3597993442508,"chr5:15563723-15564123","Promoter (<=1kb)",769,"chr5",15563723,15564123,401,"*",8.97109539346742,4.82708633713709,6.61646448808054,9.26106836109524,5,15551225,15564892,13668,2,"Amillepora07346","Amillepora07346-RA",26.748274498372,TRUE,769,-2.21918580010497
"Amillepora07621",3.47610316049362,"chr5:19237972-19238372","Promoter (2-3kb)",2877,"chr5",19237972,19238372,401,"*",2.99036513115581,4.22370054499496,6.61646448808054,2.13716962179121,5,19235095,19248346,13252,1,"Amillepora07621","Amillepora07621-RA",15.9119254039836,TRUE,2877,-2.60444815687666
"Amillepora07649",1.65546428130507,"chr5:19665156-19665556","Promoter (2-3kb)",-2074,"chr5",19665156,19665556,401,"*",11.9614605246232,9.05078688213205,26.4658579523221,13.5354076046777,5,19667630,19676005,8376,1,"Amillepora07649","Amillepora07649-RA",61.4368694485635,TRUE,2074,2.06340646422293
"Amillepora07752",1.04219922625104,"chr5:20980955-20981355","Promoter (2-3kb)",2329,"chr5",20980955,20981355,401,"*",29.9036513115581,21.7218885171169,49.623483660604,17.0973569743297,5,20978626,20982896,4271,1,"Amillepora07752","Amillepora07752-RA",112.023437865123,TRUE,2329,-2.41502456290045
"Amillepora07878",32.4753936475154,"chr5:22482489-22482889","Promoter (1-2kb)",1501,"chr5",22482489,22482889,401,"*",5.98073026231162,41.6336196578074,6.61646448808054,0.712389873930403,5,22480988,22482659,1672,1,"Amillepora07878","Amillepora07878-RA",54.4555720171725,TRUE,1501,6.79342437048854
"Amillepora07898",10.5713327298726,"chr5:22781304-22781704","Promoter (1-2kb)",1426,"chr5",22781304,22781704,401,"*",14.951825655779,41.6336196578074,8.27058061010067,2.13716962179121,5,22779878,22787955,8078,1,"Amillepora07898","Amillepora07898-RA",60.4923854205509,TRUE,1426,5.19313123128548
"Amillepora07953",3.26794672533572,"chr5:23669030-23669430","Promoter (2-3kb)",2197,"chr5",23669030,23669430,401,"*",0,0,13.2329289761611,7.83628861323444,5,23666833,23691679,24847,1,"Amillepora07953","Amillepora07953-RA",25.7201737244616,TRUE,2197,-2.64846528614994
"Amillepora08867",6.21095713066978,"chr4:3259160-3259560","Promoter (2-3kb)",-2701,"chr4",3259160,3259560,401,"*",0,0,0,7.12389873930403,4,3262261,3266255,3995,1,"Amillepora08867","Amillepora08867-RA",8.67938022281693,TRUE,2701,-2.73540877320325
"Amillepora08968",0.924384969173672,"chr4:4706281-4706681","Promoter (<=1kb)",132,"chr4",4706281,4706681,401,"*",11.9614605246232,1.20677158428427,6.61646448808054,2.13716962179121,4,4706149,4712249,6101,1,"Amillepora08968","Amillepora08968-RA",15.0041795496695,TRUE,132,-2.2883083311392
"Amillepora09413",1.87153163056708,"chr4:9723976-9724376","Promoter (1-2kb)",-1104,"chr4",9723976,9724376,401,"*",14.951825655779,12.0677158428427,21.5035095862617,5.69911899144323,4,9717379,9722872,5494,2,"Amillepora09413","Amillepora09413-RA",49.7715834848773,TRUE,1104,-2.56301251674147
"Amillepora09450",35.2053800002604,"chr4:10234874-10235274","Promoter (<=1kb)",0,"chr4",10234874,10235274,401,"*",50.8362072296487,0,4.9623483660604,14.2477974786081,4,10231229,10235121,3893,2,"Amillepora09450","Amillepora09450-RA",36.3397869857981,TRUE,0,3.72432631463568
"Amillepora09525",35.5522730243438,"chr4:11329658-11330058","Promoter (<=1kb)",-224,"chr4",11329658,11330058,401,"*",11.9614605246232,1.20677158428427,14.8870450981812,19.9469164700513,4,11330282,11333701,3420,1,"Amillepora09525","Amillepora09525-RA",46.8106647813137,TRUE,224,-2.91049484667812
"Amillepora09766",8.94846587333117,"chr4:14762547-14762947","Promoter (<=1kb)",-280,"chr4",14762547,14762947,401,"*",2.99036513115581,4.82708633713709,0,1.42477974786081,4,14756290,14762267,5978,2,"Amillepora09766","Amillepora09766-RA",7.59497489766215,TRUE,280,2.09035135633455
"Amillepora09933",17.3519710631693,"chr4:16796182-16796582","Promoter (1-2kb)",1345,"chr4",16796182,16796582,401,"*",0,9.05078688213205,8.27058061010067,8.54867848716484,4,16784485,16797927,13443,2,"Amillepora09933","Amillepora09933-RA",30.0845197766081,TRUE,1345,-3.0206010234507
"Amillepora09986",96.6945730740996,"chr4:17510549-17510949","Promoter (<=1kb)",-736,"chr4",17510549,17510949,401,"*",119.614605246232,21.7218885171169,54.5858320266644,53.4292405447802,4,17511685,17514597,2913,1,"Amillepora09986","Amillepora09986-RA",185.146402045197,TRUE,736,2.4079678338472
"Amillepora10010",5049.84876030129,"chr4:17807330-17807730","Promoter (2-3kb)",-2880,"chr4",17807330,17807730,401,"*",17.9421907869348,26.548974854254,29.7740901963624,22.0840860918425,4,17810610,17842271,31662,1,"Amillepora10010","Amillepora10010-RA",95.8999356153246,TRUE,2880,2.1494487064174
"Amillepora10080",1289.02957559941,"chr4:18738208-18738608","Promoter (<=1kb)",45,"chr4",18738208,18738608,401,"*",44.8554769673371,17.498187972122,39.6987869284832,42.0310025618938,4,18707205,18738653,31449,2,"Amillepora10080","Amillepora10080-RA",129.608604285792,TRUE,45,3.07259227257923
"Amillepora10243",23.0021902507364,"chr4:20708207-20708607","Promoter (2-3kb)",-2610,"chr4",20708207,20708607,401,"*",0,8.44740108998991,4.9623483660604,12.1106278568169,4,20711217,20721756,10540,1,"Amillepora10243","Amillepora10243-RA",29.7435807625342,TRUE,2610,2.36772332080711
"Amillepora10423",2.40359123614458,"chr4:22566538-22566938","Promoter (1-2kb)",-1475,"chr4",22566538,22566938,401,"*",0,6.6372437135635,4.9623483660604,0.712389873930403,4,22557378,22565063,7686,2,"Amillepora10423","Amillepora10423-RA",13.9443266391018,TRUE,1475,-2.07335321660539
"Amillepora10452",39.2855671197907,"chr4:22897021-22897421","Promoter (<=1kb)",-293,"chr4",22897021,22897421,401,"*",11.9614605246232,0,1.65411612202013,6.41150886537363,4,22894582,22896728,2147,2,"Amillepora10452","Amillepora10452-RA",12.8721563673151,TRUE,293,6.43452467757919
"Amillepora10918",54.9221749444482,"chr7:17460-17860","Promoter (1-2kb)",1359,"chr7",17460,17860,401,"*",5.98073026231162,5.43047212927923,18.1952773422215,14.9601873525385,7,16101,60761,44661,1,"Amillepora10918","Amillepora10918-RA",47.720665668745,TRUE,1359,-2.15842382134389
"Amillepora11080",10.2335337875758,"chr7:2436778-2437178","Promoter (1-2kb)",-1455,"chr7",2436778,2437178,401,"*",53.8265723608045,21.7218885171169,44.6611352945436,49.8672911751282,7,2427259,2435323,8065,2,"Amillepora11080","Amillepora11080-RA",151.961980549039,TRUE,1455,2.0585124745853
"Amillepora11218",1.78474707676609,"chr7:4654928-4655328","Promoter (<=1kb)",0,"chr7",4654928,4655328,401,"*",86.7205888035184,19.3083453485484,19.8493934642416,56.9911899144323,7,4655117,4659154,4038,1,"Amillepora11218","Amillepora11218-RA",136.125140613097,TRUE,0,-2.21098548702137
"Amillepora11385",14.6613432905037,"chr7:6678233-6678633","Promoter (2-3kb)",-2723,"chr7",6678233,6678633,401,"*",11.9614605246232,0,9.92469673212081,19.2345265961209,7,6681356,6746969,65614,1,"Amillepora11385","Amillepora11385-RA",38.6030754429875,TRUE,2723,-3.29739102857661
"Amillepora11842",6.29654066265316,"chr7:11790747-11791147","Promoter (1-2kb)",1385,"chr7",11790747,11791147,401,"*",26.9132861804023,21.7218885171169,61.202296514745,81.212445628066,7,11789362,11793844,4483,1,"Amillepora11842","Amillepora11842-RA",203.529331606953,TRUE,1385,3.28951249658799
"Amillepora12068",7.87333195617174,"chr7:14607148-14607548","Promoter (<=1kb)",989,"chr7",14607148,14607548,401,"*",2.99036513115581,3.01692896071068,6.61646448808054,0,7,14592974,14608537,15564,2,"Amillepora12068","Amillepora12068-RA",12.033280825855,TRUE,989,-2.06908269934447
"Amillepora12212",1.15127939084457,"chr7:16178113-16178513","Promoter (2-3kb)",2038,"chr7",16178113,16178513,401,"*",0,8.44740108998991,6.61646448808054,4.98672911751282,7,16171253,16180551,9299,2,"Amillepora12212","Amillepora12212-RA",23.0858074746376,TRUE,2038,-3.55227973212407
"Amillepora12468",63.7229721169206,"chr7:18891849-18892249","Promoter (<=1kb)",0,"chr7",18891849,18892249,401,"*",107.653144721609,15.0846448035534,34.7364385624228,49.8672911751282,7,18892198,18923165,30968,1,"Amillepora12468","Amillepora12468-RA",146.496753670825,TRUE,0,3.2377210997353
"Amillepora12623",0.528985831930395,"chr7:20829826-20830226","Promoter (1-2kb)",-1447,"chr7",20829826,20830226,401,"*",35.8843815738697,35.5997617363861,13.2329289761611,34.9071038225898,7,20831673,20833047,1375,1,"Amillepora12623","Amillepora12623-RA",105.426640349607,TRUE,1447,-6.43455267240602
"Amillepora12674",154.491131613281,"chr7:21313599-21313999","Promoter (<=1kb)",-937,"chr7",21313599,21313999,401,"*",50.8362072296487,12.0677158428427,31.4282063183826,22.7964759657729,7,21314936,21322260,7325,1,"Amillepora12674","Amillepora12674-RA",91.8490593247389,TRUE,937,2.61377754977675
"Amillepora12736",411.160652101514,"chr7:22168177-22168577","Promoter (<=1kb)",-723,"chr7",22168177,22168577,401,"*",0,0,8.27058061010067,0,7,22169300,22173931,4632,1,"Amillepora12736","Amillepora12736-RA",10.1080346746018,TRUE,723,2.29635286062864
"Amillepora12849",5.78313879531242,"chr7:23574330-23574730","Promoter (1-2kb)",1986,"chr7",23574330,23574730,401,"*",17.9421907869348,16.8948021799798,11.5788128541409,20.6593063439817,7,23572344,23604809,32466,1,"Amillepora12849","Amillepora12849-RA",61.7277391963694,TRUE,1986,-2.34369012704272
"Amillepora12910",45.7945869053393,"chr12:15052-15452","Promoter (1-2kb)",-1100,"chr12",15052,15452,401,"*",8.97109539346742,10.8609442585585,0,27.7832050832857,12,16552,20412,3861,1,"Amillepora12910","Amillepora12910-RA",47.6023878944319,TRUE,1100,-2.03822947662726
"Amillepora13009",2.45423008409605,"chr12:1044263-1044663","Promoter (1-2kb)",-1271,"chr12",1044263,1044663,401,"*",0,0.603385792142137,4.9623483660604,2.13716962179121,12,1035429,1042992,7564,2,"Amillepora13009","Amillepora13009-RA",9.3060501272479,TRUE,1271,-2.1561808284472
"Amillepora13104",21.5474534954495,"chr12:2126989-2127389","Promoter (2-3kb)",-2517,"chr12",2126989,2127389,401,"*",20.9325559180907,15.0846448035534,107.517547931309,40.606222814033,12,2112855,2124472,11618,2,"Amillepora13104","Amillepora13104-RA",202.130737086678,TRUE,2517,-2.19007528903603
"Amillepora13146",26.2813007132628,"chr12:2655733-2656133","Promoter (2-3kb)",-2036,"chr12",2655733,2656133,401,"*",2.99036513115581,3.62031475285282,3.30823224404027,6.41150886537363,12,2641587,2653697,12111,2,"Amillepora13146","Amillepora13146-RA",16.4389244121913,TRUE,2036,2.3258612058174
"Amillepora13166",1.9974286818954,"chr12:2918984-2919384","Promoter (2-3kb)",-2755,"chr12",2918984,2919384,401,"*",0,6.03385792142137,1.65411612202013,6.41150886537363,12,2922139,2929495,7357,1,"Amillepora13166","Amillepora13166-RA",16.2072016918729,TRUE,2755,2.23882445032241
"Amillepora13177",4.58005054115901,"chr12:3065133-3065533","Promoter (2-3kb)",-2914,"chr12",3065133,3065533,401,"*",5.98073026231162,4.22370054499496,28.1199740743423,74.8009367626923,12,3044486,3062219,17734,2,"Amillepora13177","Amillepora13177-RA",131.482270638646,TRUE,2914,-2.84637775509205
"Amillepora13275",49.3017926360313,"chr12:4208975-4209375","Promoter (<=1kb)",0,"chr12",4208975,4209375,401,"*",56.8169374919603,27.1523606463961,36.390554684443,51.292070922989,12,4171312,4209038,37727,2,"Amillepora13275","Amillepora13275-RA",150.086336027741,TRUE,0,-3.09287675597189
"Amillepora13501",355.956883045411,"chr12:6348363-6348763","Promoter (<=1kb)",-239,"chr12",6348363,6348763,401,"*",221.28701970553,16.2914163878377,34.7364385624228,48.4425114272674,12,6347393,6348124,732,2,"Amillepora13501","Amillepora13501-RA",174.907226840211,TRUE,239,2.61325923415016
"Amillepora13860",1.02381346542728,"chr12:10672670-10673070","Promoter (2-3kb)",-2104,"chr12",10672670,10673070,401,"*",5.98073026231162,0,4.9623483660604,2.84955949572161,12,10675174,10675884,711,1,"Amillepora13860","Amillepora13860-RA",11.0561265098176,TRUE,2104,-2.25812173386953
"Amillepora14072",1.94973491554188,"chr12:13301556-13301956","Promoter (<=1kb)",169,"chr12",13301556,13301956,401,"*",29.9036513115581,66.9758229277772,16.5411612202013,22.0840860918425,12,13301387,13306746,5360,1,"Amillepora14072","Amillepora14072-RA",125.473009495817,TRUE,169,-3.09060317617038
"Amillepora14097",3.59440540193423,"chr12:13773866-13774266","Promoter (2-3kb)",-2327,"chr12",13773866,13774266,401,"*",11.9614605246232,0,11.5788128541409,0,12,13776593,13782496,5904,1,"Amillepora14097","Amillepora14097-RA",17.190355776302,TRUE,2327,-2.98159385742769
"Amillepora14147",2.13424275677335,"chr12:14487514-14487914","Promoter (1-2kb)",-1271,"chr12",14487514,14487914,401,"*",0,0,13.2329289761611,0.712389873930403,12,14489185,14494989,5805,1,"Amillepora14147","Amillepora14147-RA",17.0407935016446,TRUE,1271,2.48637887661216
"Amillepora14340",1.15855539425103,"chr12:16974941-16975341","Promoter (<=1kb)",-103,"chr12",16974941,16975341,401,"*",50.8362072296487,13.274487427127,16.5411612202013,29.2079848311465,12,16965621,16974838,9218,2,"Amillepora14340","Amillepora14340-RA",82.7408696222742,TRUE,103,2.54278089426398
"Amillepora14547",20.83157570502,"chr12:19369345-19369745","Promoter (1-2kb)",1450,"chr12",19369345,19369745,401,"*",5.98073026231162,4.22370054499496,8.27058061010067,0,12,19354859,19371195,16337,2,"Amillepora14547","Amillepora14547-RA",16.0894950800237,TRUE,1450,-2.06555187588903
"Amillepora14659",1200.93308386882,"chr12:20713275-20713675","Promoter (<=1kb)",0,"chr12",20713275,20713675,401,"*",134.566430902011,29.5659038149647,43.0070191725235,42.7433924358242,12,20707738,20713305,5568,2,"Amillepora14659","Amillepora14659-RA",170.061365529696,TRUE,0,3.00802599876231
"Amillepora14695",48.1997524268786,"chr12:21071262-21071662","Promoter (<=1kb)",-196,"chr12",21071262,21071662,401,"*",53.8265723608045,33.7896043599596,23.1576257082819,43.4557823097546,12,21071858,21086709,14852,1,"Amillepora14695","Amillepora14695-RA",130.617953307373,TRUE,196,2.24255313065775
"Amillepora14883",5.43950014321092,"chr13:175438-175838","Promoter (1-2kb)",-1151,"chr13",175438,175838,401,"*",11.9614605246232,0,11.5788128541409,20.6593063439817,13,176989,188918,11930,1,"Amillepora14883","Amillepora14883-RA",42.3605584224712,TRUE,1151,-2.43857859059658
"Amillepora15064",40.5887977960219,"chr13:2150726-2151126","Promoter (<=1kb)",0,"chr13",2150726,2151126,401,"*",95.6916841969858,19.9117311406905,51.2775997826242,22.7964759657729,13,2145304,2150952,5649,2,"Amillepora15064","Amillepora15064-RA",135.791392986599,TRUE,0,4.59212113358385
"Amillepora15115",3.2131358281849,"chr13:2805395-2805795","Promoter (2-3kb)",-2120,"chr13",2805395,2805795,401,"*",0,1.20677158428427,28.1199740743423,14.2477974786081,13,2807915,2823673,15759,1,"Amillepora15115","Amillepora15115-RA",53.0009088505636,TRUE,2120,-2.47735336196091
"Amillepora15196",3.38622295061941,"chr13:3611688-3612088","Promoter (2-3kb)",-2445,"chr13",3611688,3612088,401,"*",5.98073026231162,4.82708633713709,4.9623483660604,0,13,3600110,3609243,9134,2,"Amillepora15196","Amillepora15196-RA",12.6836964658247,TRUE,2445,-2.20917605384988
"Amillepora15248",1.16291704699956,"chr13:4359384-4359784","Promoter (1-2kb)",-1710,"chr13",4359384,4359784,401,"*",26.9132861804023,0,9.92469673212081,4.27433924358242,13,4361494,4363496,2003,1,"Amillepora15248","Amillepora15248-RA",24.1752610148964,TRUE,1710,-2.36107913580925
"Amillepora15295",51167.5704011765,"chr13:4928327-4928727","Promoter (<=1kb)",0,"chr13",4928327,4928727,401,"*",176.431542738193,23.5320458935433,33.0823224404027,54.854020292641,13,4922719,4928641,5923,2,"Amillepora15295","Amillepora15295-RA",176.949393054054,TRUE,0,4.57298007167844
"Amillepora15460",353.373852698702,"chr13:6805028-6805428","Promoter (1-2kb)",-1303,"chr13",6805028,6805428,401,"*",0,0,6.61646448808054,0,13,6795036,6803725,8690,2,"Amillepora15460","Amillepora15460-RA",8.08642773968145,TRUE,1303,5.30659042613719
"Amillepora15508",1613.93016295078,"chr13:7336460-7336860","Promoter (<=1kb)",0,"chr13",7336460,7336860,401,"*",113.633874983921,18.7049595564062,33.0823224404027,44.168172183685,13,7334628,7336804,2177,2,"Amillepora15508","Amillepora15508-RA",142.875687707432,TRUE,0,2.21930307418069
"Amillepora15680",8.5491518554148,"chr13:9387128-9387528","Promoter (<=1kb)",0,"chr13",9387128,9387528,401,"*",17.9421907869348,24.7388174778276,6.61646448808054,15.6725772264689,13,9386624,9387512,889,2,"Amillepora15680","Amillepora15680-RA",57.8737505589791,TRUE,0,-2.36818862667327
"Amillepora15791",3.49648941076381,"chr13:10863494-10863894","Promoter (1-2kb)",1052,"chr13",10863494,10863894,401,"*",26.9132861804023,18.7049595564062,16.5411612202013,19.2345265961209,13,10860636,10864946,4311,2,"Amillepora15791","Amillepora15791-RA",70.248260147387,TRUE,1052,-2.88682935777206
"Amillepora15886",106.392877029397,"chr13:12085525-12085925","Promoter (<=1kb)",-641,"chr13",12085525,12085925,401,"*",0,1.81015737642641,13.2329289761611,0.712389873930403,13,12056166,12084884,28719,2,"Amillepora15886","Amillepora15886-RA",18.9530392685698,TRUE,641,-2.56686477232838
"Amillepora16252",39.6334184200878,"chr13:15910162-15910562","Promoter (1-2kb)",1060,"chr13",15910162,15910562,401,"*",11.9614605246232,9.65417267427418,3.30823224404027,27.0708152093553,13,15909102,15919136,10035,1,"Amillepora16252","Amillepora16252-RA",50.2626100386723,TRUE,1060,-2.01662684245512
"Amillepora16299",2.97608259679286,"chr13:16355943-16356343","Promoter (1-2kb)",1668,"chr13",16355943,16356343,401,"*",62.797667754272,63.3555081749243,94.2846189551477,56.9911899144323,13,16354275,16356325,2051,1,"Amillepora16299","Amillepora16299-RA",267.550551882641,TRUE,1668,2.14719078945064
"Amillepora16451",1.04562867449827,"chr13:18630374-18630774","Promoter (2-3kb)",-2190,"chr13",18630374,18630774,401,"*",29.9036513115581,0,31.4282063183826,39.8938329401026,13,18632964,18635236,2273,1,"Amillepora16451","Amillepora16451-RA",94.6128290909107,TRUE,2190,-2.14594419861466
"Amillepora16546",8846.26948049273,"chr13:19744576-19744976","Promoter (<=1kb)",-262,"chr13",19744576,19744976,401,"*",182.412273000504,6.03385792142137,24.811741830302,61.2655291580147,13,19736653,19744314,7662,2,"Amillepora16546","Amillepora16546-RA",157.687311782307,TRUE,262,2.47802990633868
"Amillepora16554",5.99394305836079,"chr13:19781570-19781970","Promoter (<=1kb)",0,"chr13",19781570,19781970,401,"*",56.8169374919603,9.05078688213205,33.0823224404027,50.5796810490586,13,19781949,19791477,9529,1,"Amillepora16554","Amillepora16554-RA",126.052726466366,TRUE,0,2.12676541396039
"Amillepora17100",8.6265931011352,"chr10:4075384-4075784","Promoter (1-2kb)",-1243,"chr10",4075384,4075784,401,"*",65.7880328854278,7.24062950570564,23.1576257082819,37.044273444381,10,4077027,4079291,2265,1,"Amillepora17100","Amillepora17100-RA",97.7993470904616,TRUE,1243,3.94959394970394
"Amillepora17137",1.22777545168996,"chr10:4520039-4520439","Promoter (<=1kb)",-533,"chr10",4520039,4520439,401,"*",5.98073026231162,56.1148786692187,34.7364385624228,27.0708152093553,10,4520972,4522629,1658,1,"Amillepora17137","Amillepora17137-RA",136.234562870643,TRUE,533,3.59809648198841
"Amillepora17478",2.13245827517927,"chr10:8208132-8208532","Promoter (<=1kb)",0,"chr10",8208132,8208532,401,"*",32.8940164427139,70.59613768063,24.811741830302,49.8672911751282,10,8207464,8208195,732,2,"Amillepora17478","Amillepora17478-RA",174.014895381221,TRUE,0,4.03091332234287
"Amillepora17492",1.76493359503285,"chr10:8261063-8261463","Promoter (2-3kb)",2632,"chr10",8261063,8261463,401,"*",41.8651118361813,38.6166906970967,28.1199740743423,52.7168506708498,10,8258431,8259417,987,1,"Amillepora17492","Amillepora17492-RA",150.026183215071,TRUE,2632,2.86897923574866
"Amillepora17610",1.81211394964213,"chr10:8860959-8861359","Promoter (<=1kb)",-934,"chr10",8860959,8861359,401,"*",0,1.81015737642641,3.30823224404027,7.12389873930403,10,8858796,8860025,1230,2,"Amillepora17610","Amillepora17610-RA",14.6348398595829,TRUE,934,4.34021015628591
"Amillepora17857",4.7444209383686,"chr10:11246879-11247279","Promoter (1-2kb)",-1695,"chr10",11246879,11247279,401,"*",8.97109539346742,31.9794469835332,11.5788128541409,17.0973569743297,10,11248974,11254459,5486,1,"Amillepora17857","Amillepora17857-RA",71.0441000521097,TRUE,1695,2.81270294233077
"Amillepora17888",96.14399925565,"chr10:11633124-11633524","Promoter (<=1kb)",0,"chr10",11633124,11633524,401,"*",38.8747467050255,7.84401529784777,23.1576257082819,34.9071038225898,10,11629413,11633132,3720,2,"Amillepora17888","Amillepora17888-RA",88.9949570075742,TRUE,0,2.44707841252474
"Amillepora17927",11.2668362615947,"chr10:11938097-11938497","Promoter (<=1kb)",0,"chr10",11938097,11938497,401,"*",98.6820493281416,23.5320458935433,38.0446708064631,50.5796810490586,10,11935534,11938147,2614,2,"Amillepora17927","Amillepora17927-RA",158.052388718037,TRUE,0,-2.5794389981119
"Amillepora18136",98.535608625796,"chr10:15371455-15371855","Promoter (<=1kb)",618,"chr10",15371455,15371855,401,"*",23.9229210492465,46.4607059949445,47.9693675385839,42.7433924358242,10,15360774,15372473,11700,2,"Amillepora18136","Amillepora18136-RA",165.862071597725,TRUE,618,-2.78997660887203
"Amillepora18176",7.77140387730476,"chr10:15833569-15833969","Promoter (1-2kb)",-1688,"chr10",15833569,15833969,401,"*",2.99036513115581,3.62031475285282,11.5788128541409,8.54867848716484,10,15811232,15831881,20650,2,"Amillepora18176","Amillepora18176-RA",29.1507731536381,TRUE,1688,-2.54858490639454
"Amillepora18240",29.4020164575711,"chr10:16397960-16398360","Promoter (1-2kb)",-1633,"chr10",16397960,16398360,401,"*",0,13.8778732192691,8.27058061010067,12.1106278568169,10,16399993,16408098,8106,1,"Amillepora18240","Amillepora18240-RA",39.5235319331505,TRUE,1633,-2.13385945579999
"Amillepora18242",22.3947735306031,"chr10:16432802-16433202","Promoter (<=1kb)",410,"chr10",16432802,16433202,401,"*",8.97109539346742,13.274487427127,6.61646448808054,14.9601873525385,10,16432392,16456481,24090,1,"Amillepora18242","Amillepora18242-RA",42.6155922556099,TRUE,410,-2.12340411019376
"Amillepora18638",1.34875175813354,"chr10:21029993-21030393","Promoter (<=1kb)",0,"chr10",21029993,21030393,401,"*",47.8458420984929,34.9963759442439,3.30823224404027,28.4955949572161,10,21021918,21030065,8148,2,"Amillepora18638","Amillepora18638-RA",87.8872485157672,TRUE,0,3.97133732317854
"Amillepora18783",3.70639108013054,"chr6:1397387-1397787","Promoter (<=1kb)",660,"chr6",1397387,1397787,401,"*",8.97109539346742,10.2575584664163,29.7740901963624,12.8230177307473,6,1396727,1399048,2322,1,"Amillepora18783","Amillepora18783-RA",65.1271989994412,TRUE,660,-3.46096838303167
"Amillepora18787",0.670060769078855,"chr6:1427510-1427910","Promoter (2-3kb)",-2985,"chr6",1427510,1427910,401,"*",5.98073026231162,16.2914163878377,14.8870450981812,0.712389873930403,6,1423083,1424525,1443,2,"Amillepora18787","Amillepora18787-RA",37.7921659548215,TRUE,2985,-2.30445426949698
"Amillepora19015",66.2467977591532,"chr6:3908033-3908433","Promoter (<=1kb)",0,"chr6",3908033,3908433,401,"*",74.7591282788952,23.5320458935433,28.1199740743423,46.3053418054762,6,3908107,3914821,6715,1,"Amillepora19015","Amillepora19015-RA",134.636904511106,TRUE,0,-2.71349637810839
"Amillepora19099",12.5157998388868,"chr6:5015136-5015536","Promoter (<=1kb)",1,"chr6",5015136,5015536,401,"*",41.8651118361813,56.1148786692187,23.1576257082819,38.4690531922418,6,5007745,5015537,7793,2,"Amillepora19099","Amillepora19099-RA",145.087644378286,TRUE,1,-2.46505370734929
"Amillepora19225",19.3970348473398,"chr6:6412784-6413184","Promoter (<=1kb)",222,"chr6",6412784,6413184,401,"*",20.9325559180907,2.41354316856855,6.61646448808054,7.83628861323444,6,6412562,6431922,19361,1,"Amillepora19225","Amillepora19225-RA",25.5018446631013,TRUE,222,-2.41320256336778
"Amillepora19245",195.596466305301,"chr6:6623291-6623691","Promoter (<=1kb)",-232,"chr6",6623291,6623691,401,"*",101.672414459297,18.1015737642641,36.390554684443,44.168172183685,6,6616176,6623059,6884,2,"Amillepora19245","Amillepora19245-RA",143.242379089771,TRUE,232,2.07279266659661
"Amillepora19538",3.76103318795565,"chr6:10074469-10074869","Promoter (1-2kb)",-1212,"chr6",10074469,10074869,401,"*",5.98073026231162,4.22370054499496,3.30823224404027,4.98672911751282,6,10068235,10073257,5023,2,"Amillepora19538","Amillepora19538-RA",16.1002404312345,TRUE,1212,-2.21835891356875
"Amillepora19570",119.706161913713,"chr6:10351220-10351620","Promoter (<=1kb)",-158,"chr6",10351220,10351620,401,"*",62.797667754272,2.41354316856855,11.5788128541409,33.482324074729,6,10348197,10351062,2866,2,"Amillepora19570","Amillepora19570-RA",73.4493095815118,TRUE,158,3.68462010176754
"Amillepora19703",418.835426382073,"chr6:11941163-11941563","Promoter (<=1kb)",-132,"chr6",11941163,11941563,401,"*",74.7591282788952,18.1015737642641,21.5035095862617,52.7168506708498,6,11937148,11941031,3884,2,"Amillepora19703","Amillepora19703-RA",128.625181671184,TRUE,132,2.13469966731778
"Amillepora19909",1.82917393595853,"chr6:14322223-14322623","Promoter (<=1kb)",-17,"chr6",14322223,14322623,401,"*",2.99036513115581,9.65417267427418,9.92469673212081,18.5221367221905,6,14319182,14322206,3025,2,"Amillepora19909","Amillepora19909-RA",45.6544510870788,TRUE,17,2.22698892626163
"Amillepora19960",0.977518578220965,"chr6:15081977-15082377","Promoter (<=1kb)",0,"chr6",15081977,15082377,401,"*",5.98073026231162,0,1.65411612202013,2.84955949572161,6,15075217,15081979,6763,2,"Amillepora19960","Amillepora19960-RA",7.01291263997691,TRUE,0,2.0734779263973
"Amillepora19988",69.2990659579594,"chr6:15500590-15500990","Promoter (<=1kb)",-407,"chr6",15500590,15500990,401,"*",20.9325559180907,89.3010972370362,52.9317159046443,53.4292405447802,6,15498537,15500183,1647,2,"Amillepora19988","Amillepora19988-RA",229.442669079309,TRUE,407,-2.06691218844339
"Amillepora19993",4.00614583727649,"chr6:15535202-15535602","Promoter (1-2kb)",-1579,"chr6",15535202,15535602,401,"*",113.633874983921,31.9794469835332,44.6611352945436,52.0044607969194,6,15537181,15541219,4039,1,"Amillepora19993","Amillepora19993-RA",180.597390121091,TRUE,1579,-2.15465222760369
"Amillepora20032",1.03836202650584,"chr6:15902345-15902745","Promoter (2-3kb)",-2255,"chr6",15902345,15902745,401,"*",5.98073026231162,0,0,2.13716962179121,6,15899176,15900090,915,2,"Amillepora20032","Amillepora20032-RA",4.12336768277486,TRUE,2255,-2.14725168655916
"Amillepora20344",55.2066650958337,"chr6:19812679-19813079","Promoter (<=1kb)",85,"chr6",19812679,19813079,401,"*",41.8651118361813,62.1487365906401,47.9693675385839,52.0044607969194,6,19812658,19813164,507,2,"Amillepora20344","Amillepora20344-RA",198.276723381861,TRUE,85,5.42634653951656
"Amillepora20365",300.533673848495,"chr9:171609-172009","Promoter (<=1kb)",0,"chr9",171609,172009,401,"*",278.10395719749,10.8609442585585,51.2775997826242,71.2389873930403,9,168819,171841,3023,2,"Amillepora20365","Amillepora20365-RA",231.596334952987,TRUE,0,2.3656107409059
"Amillepora20489",116.448873546286,"chr9:1468439-1468839","Promoter (<=1kb)",112,"chr9",1468439,1468839,401,"*",20.9325559180907,8.44740108998991,11.5788128541409,12.1106278568169,9,1461425,1468951,7527,2,"Amillepora20489","Amillepora20489-RA",43.1484461579698,TRUE,112,-2.27769756681273
"Amillepora20945",45.7821728050469,"chr9:6060823-6061223","Promoter (<=1kb)",307,"chr9",6060823,6061223,401,"*",56.8169374919603,31.9794469835332,29.7740901963624,40.606222814033,9,6049961,6061530,11570,2,"Amillepora20945","Amillepora20945-RA",134.080159998968,TRUE,307,-3.15468449371611
"Amillepora21034",5.52243917841484,"chr9:7175585-7175985","Promoter (2-3kb)",-2388,"chr9",7175585,7175985,401,"*",14.951825655779,1.20677158428427,16.5411612202013,10.685848108956,9,7178373,7190037,11665,1,"Amillepora21034","Amillepora21034-RA",38.3088542345368,TRUE,2388,2.14641545434606
"Amillepora21043",17.2966983664611,"chr9:7331928-7332328","Promoter (<=1kb)",0,"chr9",7331928,7332328,401,"*",65.7880328854278,41.0302338656653,23.1576257082819,16.3849671003993,9,7328554,7332169,3616,2,"Amillepora21043","Amillepora21043-RA",108.32439876023,TRUE,0,-3.2972774399401
"Amillepora21078",7.90426619388338,"chr9:7605800-7606200","Promoter (2-3kb)",-2290,"chr9",7605800,7606200,401,"*",8.97109539346742,1.81015737642641,3.30823224404027,6.41150886537363,9,7598059,7603510,5452,2,"Amillepora21078","Amillepora21078-RA",16.0462322611958,TRUE,2290,2.51994418661831
"Amillepora21142",55.0379645177512,"chr9:8348858-8349258","Promoter (<=1kb)",-144,"chr9",8348858,8349258,401,"*",32.8940164427139,31.3760611913911,33.0823224404027,39.8938329401026,9,8343528,8348714,5187,2,"Amillepora21142","Amillepora21142-RA",130.539806127166,TRUE,144,3.39954575634218
"Amillepora21552",8.17077992823326,"chr9:14715088-14715488","Promoter (1-2kb)",1260,"chr9",14715088,14715488,401,"*",14.951825655779,7.84401529784777,3.30823224404027,11.3982379828865,9,14713828,14716290,2463,1,"Amillepora21552","Amillepora21552-RA",30.0155045895148,TRUE,1260,2.3774937338801
"Amillepora21853",0.981833329853438,"chr9:19157023-19157423","Promoter (1-2kb)",1950,"chr9",19157023,19157423,401,"*",5.98073026231162,0.603385792142137,14.8870450981812,4.27433924358242,9,19155073,19155699,627,1,"Amillepora21853","Amillepora21853-RA",25.5590594195449,TRUE,1950,3.29904937195972
"Amillepora22323",2.17939570512779,"chr3:4680276-4680676","Promoter (2-3kb)",-2654,"chr3",4680276,4680676,401,"*",5.98073026231162,0.603385792142137,0,0.712389873930403,3,4676393,4677622,1230,2,"Amillepora22323","Amillepora22323-RA",3.02490689385321,TRUE,2654,-2.02136554019219
"Amillepora22351",0.800186651223232,"chr3:4953523-4953923","Promoter (2-3kb)",2059,"chr3",4953523,4953923,401,"*",5.98073026231162,5.43047212927923,1.65411612202013,9.97345823502565,3,4951464,4969727,18264,1,"Amillepora22351","Amillepora22351-RA",21.4290301635695,TRUE,2059,-2.09549819654783
"Amillepora22647",3.44374294799867,"chr3:8710169-8710569","Promoter (<=1kb)",-441,"chr3",8710169,8710569,401,"*",0,0.603385792142137,4.9623483660604,2.13716962179121,3,8711010,8713838,2829,1,"Amillepora22647","Amillepora22647-RA",9.3060501272479,TRUE,441,-2.11753691190433
"Amillepora22930",2.95297644161204,"chr3:12779812-12780212","Promoter (<=1kb)",0,"chr3",12779812,12780212,401,"*",41.8651118361813,119.470386844143,51.2775997826242,49.1549013011978,3,12775040,12780125,5086,2,"Amillepora22930","Amillepora22930-RA",259.40263444854,TRUE,0,3.34166315875508
"Amillepora23126",1027.90918627245,"chr3:15364133-15364533","Promoter (2-3kb)",2492,"chr3",15364133,15364533,401,"*",5.98073026231162,0,18.1952773422215,7.83628861323444,3,15361641,15366035,4395,1,"Amillepora23126","Amillepora23126-RA",33.3045481451524,TRUE,2492,7.65834784393136
"Amillepora23136",1.04376928925833,"chr3:15464599-15464999","Promoter (2-3kb)",2966,"chr3",15464599,15464999,401,"*",2.99036513115581,6.03385792142137,51.2775997826242,29.9203747050769,3,15461633,15463778,2146,1,"Amillepora23136","Amillepora23136-RA",106.257141282745,TRUE,2966,2.93489513578437
"Amillepora23142",3.41334716085247,"chr3:15545770-15546170","Promoter (<=1kb)",-455,"chr3",15545770,15546170,401,"*",0,0,0,6.41150886537363,3,15544229,15545315,1087,2,"Amillepora23142","Amillepora23142-RA",7.81144220053524,TRUE,455,4.40962586730985
"Amillepora23231",23.6819420518184,"chr3:16779572-16779972","Promoter (<=1kb)",0,"chr3",16779572,16779972,401,"*",17.9421907869348,1.81015737642641,11.5788128541409,8.54867848716484,3,16771363,16779688,8326,2,"Amillepora23231","Amillepora23231-RA",31.0374114265373,TRUE,0,-4.13002059994539
"Amillepora23280",0.69199784160134,"chr3:17290442-17290842","Promoter (<=1kb)",371,"chr3",17290442,17290842,401,"*",56.8169374919603,42.2370054499496,28.1199740743423,40.606222814033,3,17290071,17290805,735,1,"Amillepora23280","Amillepora23280-RA",142.894612409957,TRUE,371,-2.15657654724755
"Amillepora23382",2.17050914859281,"chr3:18617757-18618157","Promoter (1-2kb)",-1943,"chr3",18617757,18618157,401,"*",11.9614605246232,9.05078688213205,3.30823224404027,16.3849671003993,3,18620100,18626295,6196,1,"Amillepora23382","Amillepora23382-RA",36.6061244488053,TRUE,1943,-3.15934619364386
"Amillepora23489",19.5205644169002,"chr8:421029-421429","Promoter (2-3kb)",2448,"chr8",421029,421429,401,"*",26.9132861804023,24.7388174778276,24.811741830302,21.3716962179121,8,418581,431303,12723,1,"Amillepora23489","Amillepora23489-RA",89.3342614452513,TRUE,2448,-2.10708533788308
"Amillepora23854",1.83006867961885,"chr8:5027917-5028317","Promoter (2-3kb)",-2098,"chr8",5027917,5028317,401,"*",14.951825655779,7.24062950570564,23.1576257082819,14.2477974786081,8,4977151,5025819,48669,2,"Amillepora23854","Amillepora23854-RA",57.1091246420443,TRUE,2098,4.51456556732493
"Amillepora23946",1.14634965423293,"chr8:6349198-6349598","Promoter (<=1kb)",-52,"chr8",6349198,6349598,401,"*",0,0.603385792142137,8.27058061010067,1.42477974786081,8,6349650,6350489,840,1,"Amillepora23946","Amillepora23946-RA",12.4813259748069,TRUE,52,3.1450931000724
"Amillepora24040",3.51230135800841,"chr8:7665543-7665943","Promoter (<=1kb)",445,"chr8",7665543,7665943,401,"*",17.9421907869348,14.4812590114113,14.8870450981812,24.9336455875641,8,7662427,7666388,3962,2,"Amillepora24040","Amillepora24040-RA",68.4289201773335,TRUE,445,4.80130386844847
"Amillepora24174",1.66188751645885,"chr8:9490204-9490604","Promoter (1-2kb)",1397,"chr8",9490204,9490604,401,"*",5.98073026231162,0,21.5035095862617,9.26106836109524,8,9486611,9492001,5391,2,"Amillepora24174","Amillepora24174-RA",39.0836380595564,TRUE,1397,-2.15668603474554
"Amillepora24216",3.16105956392173,"chr8:10063799-10064199","Promoter (<=1kb)",440,"chr8",10063799,10064199,401,"*",20.9325559180907,26.548974854254,28.1199740743423,43.4557823097546,8,10063359,10076369,13011,1,"Amillepora24216","Amillepora24216-RA",120.67624615682,TRUE,440,-2.30704216439455
"Amillepora24237",75.7323254508015,"chr8:10267386-10267786","Promoter (<=1kb)",0,"chr8",10267386,10267786,401,"*",107.653144721609,24.1354316856855,29.7740901963624,56.2788000405019,8,10260693,10267688,6996,2,"Amillepora24237","Amillepora24237-RA",157.804603901226,TRUE,0,3.57463333384604
"Amillepora25218",269.648046431004,"chr14:3599289-3599689","Promoter (<=1kb)",0,"chr14",3599289,3599689,401,"*",86.7205888035184,21.1185027249748,51.2775997826242,34.9071038225898,14,3599450,3606331,6882,1,"Amillepora25218","Amillepora25218-RA",149.541839452777,TRUE,0,3.61795941139184
"Amillepora25296",16.2199516640178,"chr14:4511231-4511631","Promoter (1-2kb)",1596,"chr14",4511231,4511631,401,"*",26.9132861804023,26.548974854254,16.5411612202013,19.9469164700513,14,4512739,4513227,489,2,"Amillepora25296","Amillepora25296-RA",79.4025964930113,TRUE,1596,2.03979872990623
"Amillepora25297",14.5915951171739,"chr14:4519187-4519587","Promoter (1-2kb)",1857,"chr14",4519187,4519587,401,"*",5.98073026231162,3.01692896071068,13.2329289761611,1.42477974786081,14,4520956,4521444,489,2,"Amillepora25297","Amillepora25297-RA",22.6153614180648,TRUE,1857,3.71675314716352
"Amillepora25404",11.9297087392472,"chr14:5948313-5948713","Promoter (<=1kb)",224,"chr14",5948313,5948713,401,"*",41.8651118361813,10.8609442585585,14.8870450981812,13.5354076046777,14,5946763,5948937,2175,2,"Amillepora25404","Amillepora25404-RA",56.7956347506952,TRUE,224,-2.65740193452533
"Amillepora25415",3.27458385282061,"chr14:6047297-6047697","Promoter (<=1kb)",0,"chr14",6047297,6047697,401,"*",26.9132861804023,47.0640917870866,36.390554684443,42.7433924358242,14,6047684,6049876,2193,1,"Amillepora25415","Amillepora25415-RA",153.108015116889,TRUE,0,-2.14306243893283
"Amillepora25576",11.2512151917592,"chr14:7984182-7984582","Promoter (1-2kb)",1602,"chr14",7984182,7984582,401,"*",17.9421907869348,24.7388174778276,14.8870450981812,29.2079848311465,14,7982580,7992089,9510,1,"Amillepora25576","Amillepora25576-RA",84.472607656933,TRUE,1602,-2.86830658160165
"Amillepora25684",5.55713055306026,"chr14:9386747-9387147","Promoter (<=1kb)",0,"chr14",9386747,9387147,401,"*",0,2.41354316856855,3.30823224404027,7.12389873930403,14,9380347,9386857,6511,2,"Amillepora25684","Amillepora25684-RA",15.2722551152246,TRUE,0,-2.61190456644839
"Amillepora25685",6.92251934180391,"chr14:9392240-9392640","Promoter (<=1kb)",728,"chr14",9392240,9392640,401,"*",17.9421907869348,13.8778732192691,8.27058061010067,20.6593063439817,14,9387117,9393368,6252,2,"Amillepora25685","Amillepora25685-RA",54.4974490483201,TRUE,728,2.05256915744855
"Amillepora25759",7.0469828067254,"chr14:10247521-10247921","Promoter (<=1kb)",-111,"chr14",10247521,10247921,401,"*",161.479717082414,25.3422032699697,38.0446708064631,66.2522582755275,14,10246683,10247410,728,2,"Amillepora25759","Amillepora25759-RA",195.014583942423,TRUE,111,-2.64494900210779
"Amillepora25826",8.73533578570775,"chr14:11212884-11213284","Promoter (2-3kb)",2803,"chr14",11212884,11213284,401,"*",14.951825655779,0,3.30823224404027,0,14,11210081,11214203,4123,1,"Amillepora25826","Amillepora25826-RA",7.84209790966517,TRUE,2803,2.81776006468393
"Amillepora25829",30.3623125555596,"chr14:11278043-11278443","Promoter (1-2kb)",-1520,"chr14",11278043,11278443,401,"*",23.9229210492465,0,8.27058061010067,6.41150886537363,14,11257082,11276523,19442,2,"Amillepora25829","Amillepora25829-RA",23.9976913388562,TRUE,1520,-3.81611141674179
"Amillepora25905",2.37097117905143,"chr14:12319624-12320024","Promoter (<=1kb)",0,"chr14",12319624,12320024,401,"*",0,0,9.92469673212081,7.83628861323444,14,12319776,12345287,25512,1,"Amillepora25905","Amillepora25905-RA",21.6769598546208,TRUE,0,-2.84309491368386
"Amillepora25935",1.16949711115474,"chr14:12837065-12837465","Promoter (2-3kb)",2653,"chr14",12837065,12837465,401,"*",0,11.4643300507006,1.65411612202013,4.27433924358242,14,12837577,12840118,2542,2,"Amillepora25935","Amillepora25935-RA",19.3401249258035,TRUE,2653,3.72087516726273
"Amillepora25957",1.3606094055766,"chr14:13214873-13215273","Promoter (1-2kb)",1442,"chr14",13214873,13215273,401,"*",8.97109539346742,79.646924562762,0,24.9336455875641,14,13215051,13216715,1665,2,"Amillepora25957","Amillepora25957-RA",116.795974948463,TRUE,1442,-2.51231719545597
"Amillepora25960",1.38524877718484,"chr14:13270704-13271104","Promoter (2-3kb)",-2658,"chr14",13270704,13271104,401,"*",5.98073026231162,0,0,1.42477974786081,14,13258599,13268046,9448,2,"Amillepora25960","Amillepora25960-RA",3.25542966049317,TRUE,2658,-2.52919223515547
"Amillepora26111",2.35848641775303,"chr14:15646985-15647385","Promoter (<=1kb)",0,"chr14",15646985,15647385,401,"*",29.9036513115581,26.548974854254,23.1576257082819,36.3318835704506,14,15643652,15647372,3721,2,"Amillepora26111","Amillepora26111-RA",108.211375553137,TRUE,0,-2.5668326615007
"Amillepora26227",6.83567813733826,"chr14:17107925-17108325","Promoter (2-3kb)",2599,"chr14",17107925,17108325,401,"*",5.98073026231162,13.274487427127,18.1952773422215,16.3849671003993,14,17105326,17120111,14786,1,"Amillepora26227","Amillepora26227-RA",57.7429400366509,TRUE,2599,-2.53683869130978
"Amillepora26236",532.697186257774,"chr14:17202070-17202470","Promoter (<=1kb)",0,"chr14",17202070,17202470,401,"*",62.797667754272,26.548974854254,11.5788128541409,32.7699342007986,14,17194998,17202409,7412,2,"Amillepora26236","Amillepora26236-RA",98.0779817848994,TRUE,0,3.43419990655379
"Amillepora26258",47.3778443614896,"chr11:4401-4801","Promoter (<=1kb)",-618,"chr11",4401,4801,401,"*",11.9614605246232,0.603385792142137,14.8870450981812,1.42477974786081,11,5419,11637,6219,1,"Amillepora26258","Amillepora26258-RA",23.6068609463479,TRUE,618,-3.85198005846143
"Amillepora26661",6.84958102640915,"chr11:4239923-4240323","Promoter (2-3kb)",-2259,"chr11",4239923,4240323,401,"*",17.9421907869348,0,49.623483660604,21.3716962179121,11,4242582,4247291,4710,1,"Amillepora26661","Amillepora26661-RA",91.245009563851,TRUE,2259,-2.32558680916628
"Amillepora26864",4.44966609741166,"chr11:6940394-6940794","Promoter (<=1kb)",-200,"chr11",6940394,6940794,401,"*",2.99036513115581,6.03385792142137,4.9623483660604,0,11,6931256,6940194,8939,2,"Amillepora26864","Amillepora26864-RA",13.1987501691433,TRUE,200,4.72778543968407
"Amillepora27170",15.6497670954289,"chr11:10722547-10722947","Promoter (<=1kb)",167,"chr11",10722547,10722947,401,"*",0,3.62031475285282,9.92469673212081,23.5088658397033,11,10722380,10727086,4707,1,"Amillepora27170","Amillepora27170-RA",44.5960878786685,TRUE,167,2.60127342525797
"Amillepora27200",3.68320339596496,"chr11:11154157-11154557","Promoter (2-3kb)",2533,"chr11",11154157,11154557,401,"*",17.9421907869348,0.603385792142137,9.92469673212081,16.3849671003993,11,11151624,11167114,15491,1,"Amillepora27200","Amillepora27200-RA",37.2882922254322,TRUE,2533,4.27702207174543
"Amillepora27207",173.469877957674,"chr11:11294185-11294585","Promoter (2-3kb)",-2326,"chr11",11294185,11294585,401,"*",5.98073026231162,13.274487427127,11.5788128541409,7.83628861323444,11,11296911,11310335,13425,1,"Amillepora27207","Amillepora27207-RA",39.241256029589,TRUE,2326,2.55443461860143
"Amillepora27281",3.55838668277702,"chr11:12674323-12674723","Promoter (2-3kb)",-2742,"chr11",12674323,12674723,401,"*",14.951825655779,48.2708633713709,23.1576257082819,56.2788000405019,11,12666629,12671581,4953,2,"Amillepora27281","Amillepora27281-RA",151.661705340302,TRUE,2742,-2.12394807142311
"Amillepora27472",325.569171297099,"chr11:15234483-15234883","Promoter (<=1kb)",-501,"chr11",15234483,15234883,401,"*",173.441177607037,16.2914163878377,36.390554684443,49.8672911751282,11,15235384,15241049,5666,1,"Amillepora27472","Amillepora27472-RA",166.508280892257,TRUE,501,2.1140143810759
"Amillepora27607",6.26786476241824,"Sc0000015:434138-434538","Promoter (1-2kb)",1926,"Sc0000015",434138,434538,401,"*",2.99036513115581,6.6372437135635,24.811741830302,2.13716962179121,15,433511,436464,2954,2,"Amillepora27607","Amillepora27607-RA",40.6992627106745,TRUE,1926,5.83015223326421
"Amillepora27725",12.5903248752676,"Sc0000015:1990873-1991273","Promoter (<=1kb)",-847,"Sc0000015",1990873,1991273,401,"*",74.7591282788952,16.2914163878377,39.6987869284832,49.1549013011978,15,1992120,2012083,19964,1,"Amillepora27725","Amillepora27725-RA",144.610922076975,TRUE,847,-2.05630865534355
"Amillepora27931",40.5446558722812,"Sc0000030:766387-766787","Promoter (<=1kb)",0,"Sc0000030",766387,766787,401,"*",185.40263813166,10.2575584664163,34.7364385624228,34.9071038225898,17,766777,770719,3943,1,"Amillepora27931","Amillepora27931-RA",142.924930164863,TRUE,0,2.62325953683611
"Amillepora28069",1.50042888132258,"Sc0000038:298959-299359","Promoter (<=1kb)",194,"Sc0000038",298959,299359,401,"*",2.99036513115581,30.1692896071068,14.8870450981812,9.26106836109524,18,298765,299370,606,1,"Amillepora28069","Amillepora28069-RA",62.1081962939968,TRUE,194,-2.05896775357411
"Amillepora28211",4.44880912710011,"Sc0000050:296690-297090","Promoter (2-3kb)",-2335,"Sc0000050",296690,297090,401,"*",11.9614605246232,5.43047212927923,14.8870450981812,1.42477974786081,19,299425,308048,8624,1,"Amillepora28211","Amillepora28211-RA",28.7061829914818,TRUE,2335,2.233990596274
"Amillepora28213",2.15053728728622,"Sc0000050:316624-317024","Promoter (<=1kb)",-102,"Sc0000050",316624,317024,401,"*",20.9325559180907,6.03385792142137,11.5788128541409,2.13716962179121,19,315590,316522,933,2,"Amillepora28213","Amillepora28213-RA",28.4476528234592,TRUE,102,3.68092036771097
"Amillepora28217",1.31335605691137,"Sc0000050:352488-352888","Promoter (<=1kb)",344,"Sc0000050",352488,352888,401,"*",44.8554769673371,84.4740108998991,29.7740901963624,17.0973569743297,19,352144,353319,1176,1,"Amillepora28217","Amillepora28217-RA",157.854225272643,TRUE,344,3.87459643253194
"Amillepora28315",1.39658673131972,"Sc0000050:1059694-1060094","Promoter (1-2kb)",-1158,"Sc0000050",1059694,1060094,401,"*",38.8747467050255,6.03385792142137,13.2329289761611,19.9469164700513,19,1061252,1066678,5427,1,"Amillepora28315","Amillepora28315-RA",56.7263711632113,TRUE,1158,-2.19558838429351
"Amillepora28340",0.957936859303954,"Sc0000050:1341382-1341782","Promoter (<=1kb)",90,"Sc0000050",1341382,1341782,401,"*",14.951825655779,17.498187972122,9.92469673212081,2.13716962179121,19,1340811,1341872,1062,2,"Amillepora28340","Amillepora28340-RA",37.017382129802,TRUE,90,3.42738237498078
"Amillepora28363",1.35471055974677,"Sc0000050:1579012-1579412","Promoter (<=1kb)",152,"Sc0000050",1579012,1579412,401,"*",32.8940164427139,0.603385792142137,11.5788128541409,23.5088658397033,19,1578860,1579336,477,1,"Amillepora28363","Amillepora28363-RA",51.7881634229939,TRUE,152,3.99091852153265
"Amillepora28376",0.51647599326662,"Sc0000055:120749-121149","Promoter (2-3kb)",2177,"Sc0000055",120749,121149,401,"*",0,27.1523606463961,8.27058061010067,7.83628861323444,20,118572,121801,3230,1,"Amillepora28376","Amillepora28376-RA",48.3390394235784,TRUE,2177,8.48106026647403
"Amillepora28423",2.88674603920796,"Sc0000055:758567-758967","Promoter (2-3kb)",2895,"Sc0000055",758567,758967,401,"*",2.99036513115581,1.20677158428427,9.92469673212081,2.13716962179121,20,750643,761862,11220,2,"Amillepora28423","Amillepora28423-RA",16.7680629956156,TRUE,2895,2.99412437927145
"Amillepora28436",4.20841334182249,"Sc0000055:862643-863043","Promoter (<=1kb)",584,"Sc0000055",862643,863043,401,"*",11.9614605246232,9.05078688213205,13.2329289761611,9.26106836109524,20,861663,863627,1965,2,"Amillepora28436","Amillepora28436-RA",40.0563858355105,TRUE,584,5.29116173150362
"Amillepora28448",22.1926116003976,"Sc0000055:1022337-1022737","Promoter (<=1kb)",271,"Sc0000055",1022337,1022737,401,"*",5.98073026231162,0,3.30823224404027,3.56194936965202,20,1022066,1022521,456,1,"Amillepora28448","Amillepora28448-RA",9.90245759717898,TRUE,271,7.91194731112966
"Amillepora28449",26.636442044343,"Sc0000055:1025052-1025452","Promoter (<=1kb)",344,"Sc0000055",1025052,1025452,401,"*",0,0,6.61646448808054,0,20,1024708,1025755,1048,1,"Amillepora28449","Amillepora28449-RA",8.08642773968145,TRUE,344,8.20225488374407
"Amillepora28453",553.744509045375,"Sc0000055:1112868-1113268","Promoter (1-2kb)",1959,"Sc0000055",1112868,1113268,401,"*",5.98073026231162,5.43047212927923,26.4658579523221,20.6593063439817,20,1110909,1111955,1047,1,"Amillepora28453","Amillepora28453-RA",64.7722045216002,TRUE,1959,11.5179519841513
"Amillepora28531",6.30926368420468,"Sc0000059:805593-805993","Promoter (1-2kb)",-1698,"Sc0000059",805593,805993,401,"*",14.951825655779,2.41354316856855,16.5411612202013,33.482324074729,21,798358,803895,5538,2,"Amillepora28531","Amillepora28531-RA",67.3577014588346,TRUE,1698,4.1495325727549
"Amillepora28752",1.52638979971372,"Sc0000061:1272879-1273279","Promoter (1-2kb)",1571,"Sc0000061",1272879,1273279,401,"*",0,0,18.1952773422215,13.5354076046777,22,1268160,1274850,6691,2,"Amillepora28752","Amillepora28752-RA",38.7284987074762,TRUE,1571,-2.86541088972917
"Amillepora28933",3.6380240085492,"Sc0000066:1437222-1437622","Promoter (<=1kb)",115,"Sc0000066",1437222,1437622,401,"*",20.9325559180907,0,4.9623483660604,7.12389873930403,23,1426278,1437737,11460,2,"Amillepora28933","Amillepora28933-RA",20.0626386833323,TRUE,115,3.80048368016174
"Amillepora29142",4.60187326607075,"Sc0000072:322822-323222","Promoter (1-2kb)",-1429,"Sc0000072",322822,323222,401,"*",2.99036513115581,0.603385792142137,4.9623483660604,9.97345823502565,25,324651,331094,6444,1,"Amillepora29142","Amillepora29142-RA",19.6131451803114,TRUE,1429,-2.20738494017343
"Amillepora29210",17.0940656551909,"Sc0000072:1110077-1110477","Promoter (2-3kb)",-2590,"Sc0000072",1110077,1110477,401,"*",185.40263813166,12.6711016349849,34.7364385624228,61.9779190319451,25,1113067,1121501,8435,1,"Amillepora29210","Amillepora29210-RA",178.456236034135,TRUE,2590,4.57820486023157
"Amillepora29252",1.1906720784816,"Sc0000077:263706-264106","Promoter (1-2kb)",-1163,"Sc0000077",263706,264106,401,"*",26.9132861804023,1.20677158428427,0,4.98672911751282,26,265269,273584,8316,1,"Amillepora29252","Amillepora29252-RA",14.1883879389393,TRUE,1163,3.12522329697004
"Amillepora29256",4.54244433619955,"Sc0000077:306348-306748","Promoter (1-2kb)",1018,"Sc0000077",306348,306748,401,"*",23.9229210492465,0,56.2399481486846,56.9911899144323,26,305307,307766,2460,2,"Amillepora29256","Amillepora29256-RA",144.247892033547,TRUE,1018,2.25857219170395
"Amillepora29295",1.71367829147415,"Sc0000077:541679-542079","Promoter (2-3kb)",2605,"Sc0000077",541679,542079,401,"*",20.9325559180907,42.2370054499496,33.0823224404027,26.3584253354249,26,539074,542964,3891,1,"Amillepora29295","Amillepora29295-RA",122.483351073506,TRUE,2605,-2.09476700877254
"Amillepora29647",7.50677495953256,"Sc0000086:1044241-1044641","Promoter (<=1kb)",960,"Sc0000086",1044241,1044641,401,"*",2.99036513115581,14.4812590114113,4.9623483660604,11.3982379828865,28,1043313,1045601,2289,2,"Amillepora29647","Amillepora29647-RA",36.0095721046347,TRUE,960,4.44700589135842
"Amillepora29648",10.8852671563324,"Sc0000086:1073714-1074114","Promoter (2-3kb)",-2606,"Sc0000086",1073714,1074114,401,"*",0,6.03385792142137,6.61646448808054,5.69911899144323,28,1065491,1071108,5618,2,"Amillepora29648","Amillepora29648-RA",21.4040844743523,TRUE,2606,3.83775045754024
"Amillepora29960",1.9564089955827,"Sc0000095:652869-653269","Promoter (<=1kb)",194,"Sc0000095",652869,653269,401,"*",8.97109539346742,42.2370054499496,4.9623483660604,9.26106836109524,32,648133,653463,5331,2,"Amillepora29960","Amillepora29960-RA",64.2464134132392,TRUE,194,4.32170494481831
"Amillepora29993",10.9065450424556,"xfSc0000041:129588-129988","Promoter (2-3kb)",2746,"xfSc0000041",129588,129988,401,"*",11.9614605246232,4.82708633713709,3.30823224404027,7.83628861323444,163,126842,134253,7412,1,"Amillepora29993","Amillepora29993-RA",21.7289613919328,TRUE,2746,-3.17844021773071
"Amillepora30005",3.58315663495216,"xfSc0000041:278787-279187","Promoter (<=1kb)",414,"xfSc0000041",278787,279187,401,"*",2.99036513115581,0,3.30823224404027,4.27433924358242,163,278373,305014,26642,1,"Amillepora30005","Amillepora30005-RA",10.0106188114958,TRUE,414,3.86867375378719
"Amillepora30108",5.12001061304026,"Sc0000098:186000-186400","Promoter (<=1kb)",417,"Sc0000098",186000,186400,401,"*",2.99036513115581,1.20677158428427,19.8493934642416,2.84955949572161,33,185583,191139,5557,1,"Amillepora30108","Amillepora30108-RA",29.7656426274195,TRUE,417,5.81984498644445
"Amillepora30361",109.42719570679,"xfSc0000046:148503-148903","Promoter (<=1kb)",-6,"xfSc0000046",148503,148903,401,"*",263.152131541711,16.8948021799798,61.202296514745,82.6372253759268,164,146101,148497,2397,2,"Amillepora30361","Amillepora30361-RA",260.188253435609,TRUE,6,2.29456050911633
"Amillepora30631",4.40253798030094,"Sc0000115:514839-515239","Promoter (1-2kb)",1033,"Sc0000115",514839,515239,401,"*",41.8651118361813,67.5792087199193,38.0446708064631,14.2477974786081,38,510410,516272,5863,2,"Amillepora30631","Amillepora30631-RA",145.883103892185,TRUE,1033,4.55819285536527
"Amillepora31075",18.4049442944729,"Sc0000127:679513-679913","Promoter (2-3kb)",-2696,"Sc0000127",679513,679913,401,"*",0,3.62031475285282,0,9.26106836109524,44,682609,686631,4023,1,"Amillepora31075","Amillepora31075-RA",15.1076858235124,TRUE,2696,-2.0370260559056
"Amillepora31661",200.3881048959,"xpSc0000528:402644-403044","Promoter (<=1kb)",-646,"xpSc0000528",402644,403044,401,"*",98.6820493281416,21.7218885171169,41.3529030505034,52.7168506708498,408,403690,412463,8774,1,"Amillepora31661","Amillepora31661-RA",162.787170887798,TRUE,646,-2.61765984196858
"Amillepora31989",82.5846414235668,"Sc0000150:447478-447878","Promoter (<=1kb)",0,"Sc0000150",447478,447878,401,"*",11.9614605246232,6.03385792142137,0,8.54867848716484,56,415841,447685,31845,2,"Amillepora31989","Amillepora31989-RA",19.8285160556572,TRUE,0,-2.34735604093991
"Amillepora32101",14.0621669560545,"xfSc0000080:509777-510177","Promoter (1-2kb)",1011,"xfSc0000080",509777,510177,401,"*",8.97109539346742,0.603385792142137,1.65411612202013,4.98672911751282,170,506305,511188,4884,2,"Amillepora32101","Amillepora32101-RA",11.0139187704286,TRUE,1011,6.35787421831649
"Amillepora32200",221.364875563834,"xfSc0000084:497527-497927","Promoter (<=1kb)",0,"xfSc0000084",497527,497927,401,"*",86.7205888035184,23.5320458935433,34.7364385624228,47.0177316794066,172,494640,497830,3191,2,"Amillepora32200","Amillepora32200-RA",146.630377504929,TRUE,0,-2.01725131439621
"Amillepora32214",2.60293065188751,"Sc0000152:56935-57335","Promoter (<=1kb)",0,"Sc0000152",56935,57335,401,"*",146.527891426635,5.43047212927923,44.6611352945436,39.1814430661722,58,54292,57105,2814,2,"Amillepora32214","Amillepora32214-RA",145.285779359398,TRUE,0,3.54412057058202
"Amillepora32256",5.02784907270991,"Sc0000152:496027-496427","Promoter (1-2kb)",-1051,"Sc0000152",496027,496427,401,"*",2.99036513115581,0,8.27058061010067,6.41150886537363,58,493293,494976,1684,2,"Amillepora32256","Amillepora32256-RA",18.6792536831019,TRUE,1051,-3.78302227775183
"Amillepora32344",2.89884652599802,"Sc0000155:440802-441202","Promoter (2-3kb)",-2610,"Sc0000155",440802,441202,401,"*",0,0,13.2329289761611,16.3849671003993,59,443812,448765,4954,1,"Amillepora32344","Amillepora32344-RA",36.1354299918419,TRUE,2610,-2.84881651184673
"Amillepora32889",874.547804990827,"xfSc0000102:69349-69749","Promoter (<=1kb)",-39,"xfSc0000102",69349,69749,401,"*",41.8651118361813,59.1318076299294,23.1576257082819,22.0840860918425,176,69788,82019,12232,1,"Amillepora32889","Amillepora32889-RA",128.312146144016,TRUE,39,4.04326446706222
"Amillepora33189",5.93842283839704,"xfSc0000107:80739-81139","Promoter (<=1kb)",-725,"xfSc0000107",80739,81139,401,"*",0,7.84401529784777,1.65411612202013,12.8230177307473,179,73336,80014,6679,2,"Amillepora33189","Amillepora33189-RA",25.9308896593334,TRUE,725,2.59707947601419
"Amillepora33195",4.27796086475916,"xfSc0000107:163043-163443","Promoter (<=1kb)",-401,"xfSc0000107",163043,163443,401,"*",0,11.4643300507006,0,2.13716962179121,179,159903,162642,2740,2,"Amillepora33195","Amillepora33195-RA",14.714703924038,TRUE,401,5.76933130575562
"Amillepora33314",7.87583058649041,"Sc0000174:213698-214098","Promoter (2-3kb)",2415,"Sc0000174",213698,214098,401,"*",5.98073026231162,1.81015737642641,13.2329289761611,9.26106836109524,69,212506,216513,4008,2,"Amillepora33314","Amillepora33314-RA",30.8878491518799,TRUE,2415,-2.12532565786176
"Amillepora33374",1.16001594104271,"xpSc0000548:104017-104417","Promoter (1-2kb)",1574,"xpSc0000548",104017,104417,401,"*",8.97109539346742,10.8609442585585,11.5788128541409,13.5354076046777,417,104103,105991,1889,2,"Amillepora33374","Amillepora33374-RA",44.3948759932406,TRUE,1574,3.18219889279056
"Amillepora33396",4.92727998104868,"xpSc0000548:365328-365728","Promoter (1-2kb)",1717,"xpSc0000548",365328,365728,401,"*",0,0,0,4.27433924358242,417,351342,367445,16104,2,"Amillepora33396","Amillepora33396-RA",5.20762813369016,TRUE,1717,2.35029434843309
"Amillepora33703",16.6637840710332,"Sc0000180:15559-15959","Promoter (<=1kb)",0,"Sc0000180",15559,15959,401,"*",50.8362072296487,36.2031475285282,52.9317159046443,39.1814430661722,73,15918,45267,29350,1,"Amillepora33703","Amillepora33703-RA",163.589134216852,TRUE,0,-2.74310281844618
"Amillepora34110",7.30954692478888,"Sc0000193:126931-127331","Promoter (<=1kb)",-402,"Sc0000193",126931,127331,401,"*",80.7398585412068,7.24062950570564,18.1952773422215,42.7433924358242,82,127733,139239,11507,1,"Amillepora34110","Amillepora34110-RA",102.476914503778,TRUE,402,-3.93208084028665
"Amillepora34789",3169.045421921,"Sc0000212:240599-240999","Promoter (<=1kb)",-117,"Sc0000212",240599,240999,401,"*",77.749493410051,19.3083453485484,6.61646448808054,58.4159696622931,95,234416,240482,6067,2,"Amillepora34789","Amillepora34789-RA",119.408830754403,TRUE,117,2.8249542374846
"Amillepora34856",2.38950725912783,"Sc0000214:23710-24110","Promoter (<=1kb)",331,"Sc0000214",23710,24110,401,"*",26.9132861804023,0.603385792142137,66.1646448808054,20.6593063439817,97,23035,24441,1407,2,"Amillepora34856","Amillepora34856-RA",113.509886570309,TRUE,331,-3.26910390291815
"Amillepora34887",1.00686335834871,"xpSc0000567:177162-177562","Promoter (<=1kb)",0,"xpSc0000567",177162,177562,401,"*",17.9421907869348,0,8.27058061010067,12.8230177307473,431,175969,177267,1299,2,"Amillepora34887","Amillepora34887-RA",30.2895799234617,TRUE,0,3.65279674191675
"Amillepora35566",2.42272307680905,"xfSc0000167:49010-49410","Promoter (<=1kb)",507,"xfSc0000167",49010,49410,401,"*",8.97109539346742,59.1318076299294,24.811741830302,51.292070922989,221,48503,56369,7867,1,"Amillepora35566","Amillepora35566-RA",157.561667104872,TRUE,507,-2.5162385969833
"Amillepora35749",19.1878472166363,"xfSc0000180:27400-27800","Promoter (1-2kb)",1633,"xfSc0000180",27400,27800,401,"*",35.8843815738697,29.5659038149647,47.9693675385839,32.7699342007986,230,25767,29648,3882,1,"Amillepora35749","Amillepora35749-RA",138.902419359672,TRUE,1633,-2.58974173049335
"Amillepora35997",1.50555613529409,"xfSc0000187:52829-53229","Promoter (2-3kb)",-2445,"xfSc0000187",52829,53229,401,"*",0,1.20677158428427,0,14.2477974786081,237,47616,50384,2769,2,"Amillepora35997","Amillepora35997-RA",18.6335909569174,TRUE,2445,2.62549075180944
"Amillepora36147",2.8967670122355,"xpSc0000587:148997-149397","Promoter (<=1kb)",0,"xpSc0000587",148997,149397,401,"*",2.99036513115581,8.44740108998991,4.9623483660604,17.0973569743297,450,92157,149038,56882,2,"Amillepora36147","Amillepora36147-RA",36.5789237264709,TRUE,0,-2.19728510330376
"Amillepora36281",12.0085859693031,"Sc0000241:72205-72605","Promoter (<=1kb)",0,"Sc0000241",72205,72605,401,"*",20.9325559180907,28.3591322306804,11.5788128541409,49.8672911751282,121,72247,73378,1132,1,"Amillepora36281","Amillepora36281-RA",110.183864775077,TRUE,0,4.80616547457382
"Amillepora36561",2.44073550853947,"xfSc0000213:120911-121311","Promoter (1-2kb)",1606,"xfSc0000213",120911,121311,401,"*",14.951825655779,0,39.6987869284832,10.685848108956,261,111595,122917,11323,2,"Amillepora36561","Amillepora36561-RA",65.3365208121384,TRUE,1606,3.37437788874034
"Amillepora37017",3.8520303036269,"xfSc0000232:26579-26979","Promoter (<=1kb)",-217,"xfSc0000232",26579,26979,401,"*",95.6916841969858,18.7049595564062,16.5411612202013,5.69911899144323,280,27196,67023,39828,1,"Amillepora37017","Amillepora37017-RA",71.2323043072273,TRUE,217,-2.2974436193406
"Amillepora37121",2.14966948502342,"xfSc0000241:44973-45373","Promoter (<=1kb)",-223,"xfSc0000241",44973,45373,401,"*",29.9036513115581,19.3083453485484,23.1576257082819,10.685848108956,288,45596,46504,909,1,"Amillepora37121","Amillepora37121-RA",69.3166236832948,TRUE,223,3.96558132213129
"Amillepora37124",1.170590034318,"xfSc0000241:57640-58040","Promoter (<=1kb)",-765,"xfSc0000241",57640,58040,401,"*",308.007608509048,14.4812590114113,6.61646448808054,0.712389873930403,288,55637,56875,1239,2,"Amillepora37124","Amillepora37124-RA",102.509343117748,TRUE,765,3.70795164055493
"Amillepora37175",2.71342118101402,"xfSc0000245:70105-70505","Promoter (1-2kb)",1801,"xfSc0000245",70105,70505,401,"*",2.99036513115581,21.1185027249748,14.8870450981812,12.8230177307473,292,67579,72306,4728,2,"Amillepora37175","Amillepora37175-RA",56.8866575707794,TRUE,1801,-3.4360581463923
"Amillepora37227",14.2976831253025,"xfSc0000250:67947-68347","Promoter (2-3kb)",2871,"xfSc0000250",67947,68347,401,"*",2.99036513115581,28.3591322306804,8.27058061010067,17.0973569743297,297,20675,71218,50544,2,"Amillepora37227","Amillepora37227-RA",61.6568410324888,TRUE,2871,4.58066995688875
"Amillepora37539",10.0864044364631,"xfSc0000281:41127-41527","Promoter (2-3kb)",2131,"xfSc0000281",41127,41527,401,"*",32.8940164427139,40.4268480735231,16.5411612202013,34.9071038225898,319,40870,43658,2789,2,"Amillepora37539","Amillepora37539-RA",113.809399456616,TRUE,2131,3.36641723420586
"Amillepora37804",7.68984760787368,"xpSc0000701:7077-7477","Promoter (1-2kb)",1211,"xpSc0000701",7077,7477,401,"*",14.951825655779,68.7859803042036,13.2329289761611,12.1106278568169,549,5866,8951,3086,1,"Amillepora37804","Amillepora37804-RA",107.392025041134,TRUE,1211,-2.38068748724775
"Amillepora38046",3.03915622853801,"xfSc0000369:3108-3508","Promoter (<=1kb)",0,"xfSc0000369",3108,3508,401,"*",5.98073026231162,1.20677158428427,1.65411612202013,1.42477974786081,371,3446,5408,1963,1,"Amillepora38046","Amillepora38046-RA",6.55186710669699,TRUE,0,-2.28836254516703
