"Type","GO.ID","Term","Annotated","Significant","Expected","classic","classic_p","FDR"
"BP","GO:0015074","DNA integration",628,138,52.14,"9.6e-28",9.6e-28,4.86912e-24
"BP","GO:0006259","DNA metabolic process",1401,203,116.32,"1.2e-16",1.2e-16,3.0432e-13
"BP","GO:0090304","nucleic acid metabolic process",3851,405,319.72,"2.8e-09",2.8e-09,4.73386666666667e-06
"BP","GO:0006139","nucleobase-containing compound metabolic process",4176,430,346.7,"1.1e-08",1.1e-08,1.31872e-05
"BP","GO:0006310","DNA recombination",552,85,45.83,"1.3e-08",1.3e-08,1.31872e-05
"BP","GO:0046483","heterocycle metabolic process",4319,441,358.58,"2.0e-08",2e-08,1.36944e-05
"BP","GO:0006725","cellular aromatic compound metabolic process",4355,444,361.57,"2.1e-08",2.1e-08,1.36944e-05
"BP","GO:0044419","biological process involved in interspecies interaction between organisms",978,130,81.2,"2.4e-08",2.4e-08,1.36944e-05
"BP","GO:0002221","pattern recognition receptor signaling pathway",189,40,15.69,"2.6e-08",2.6e-08,1.36944e-05
"BP","GO:0002758","innate immune response-activating signaling pathway",204,42,16.94,"2.7e-08",2.7e-08,1.36944e-05
"BP","GO:0045088","regulation of innate immune response",292,53,24.24,"4.0e-08",4e-08,1.84436363636364e-05
"BP","GO:0002218","activation of innate immune response",234,45,19.43,"7.4e-08",7.4e-08,3.12773333333333e-05
"BP","GO:0044403","biological process involved in symbiotic interaction",170,36,14.11,"1.3e-07",1.3e-07,4.70971428571429e-05
"BP","GO:0045089","positive regulation of innate immune response",246,46,20.42,"1.3e-07",1.3e-07,4.70971428571429e-05
"BP","GO:0002753","cytosolic pattern recognition receptor signaling pathway",142,32,11.79,"1.4e-07",1.4e-07,4.73386666666667e-05
"BP","GO:0051701","biological process involved in interaction with host",145,32,12.04,"2.3e-07",2.3e-07,7.291e-05
"BP","GO:0002833","positive regulation of response to biotic stimulus",277,49,23,"2.9e-07",2.9e-07,8.45333333333333e-05
"BP","GO:1901360","organic cyclic compound metabolic process",4511,450,374.52,"3.0e-07",3e-07,8.45333333333333e-05
"BP","GO:0002831","regulation of response to biotic stimulus",336,56,27.9,"3.3e-07",3.3e-07,8.80926315789474e-05
"BP","GO:0002253","activation of immune response",334,55,27.73,"6.2e-07",6.2e-07,0.000157232
"BP","GO:0044826","viral genome integration into host DNA",96,24,7.97,"6.9e-07",6.9e-07,0.000166651428571429
"BP","GO:0044000","movement in host",117,27,9.71,"8.0e-07",8e-07,0.000172448
"BP","GO:0019042","viral latency",97,24,8.05,"8.5e-07",8.5e-07,0.000172448
"BP","GO:0019043","establishment of viral latency",97,24,8.05,"8.5e-07",8.5e-07,0.000172448
"BP","GO:0075713","establishment of integrated proviral latency",97,24,8.05,"8.5e-07",8.5e-07,0.000172448
"BP","GO:0034641","cellular nitrogen compound metabolic process",4573,451,379.66,"1.3e-06",1.3e-06,0.000235485714285714
"BP","GO:0032103","positive regulation of response to external stimulus",359,57,29.81,"1.3e-06",1.3e-06,0.000235485714285714
"BP","GO:0046718","viral entry into host cell",113,26,9.38,"1.3e-06",1.3e-06,0.000235485714285714
"BP","GO:0031349","positive regulation of defense response",275,47,22.83,"1.4e-06",1.4e-06,0.000244855172413793
"BP","GO:0007249","canonical NF-kappaB signal transduction",227,41,18.85,"1.6e-06",1.6e-06,0.00026178064516129
"BP","GO:0044409","entry into host",114,26,9.46,"1.6e-06",1.6e-06,0.00026178064516129
"BP","GO:0001818","negative regulation of cytokine production",151,31,12.54,"1.9e-06",1.9e-06,0.00030115
"BP","GO:0045087","innate immune response",483,70,40.1,"2.6e-06",2.6e-06,0.000399612121212121
"BP","GO:0032101","regulation of response to external stimulus",557,78,46.24,"2.7e-06",2.7e-06,0.000402776470588235
"BP","GO:0019058","viral life cycle",185,35,15.36,"3.0e-06",3e-06,0.000434742857142857
"BP","GO:0030522","intracellular receptor signaling pathway",217,39,18.02,"3.2e-06",3.2e-06,0.00043865945945946
"BP","GO:0043122","regulation of canonical NF-kappaB signal transduction",209,38,17.35,"3.2e-06",3.2e-06,0.00043865945945946
"BP","GO:0002534","cytokine production involved in inflammatory response",85,21,7.06,"4.2e-06",4.2e-06,0.000484145454545454
"BP","GO:0044546","NLRP3 inflammasome complex assembly",85,21,7.06,"4.2e-06",4.2e-06,0.000484145454545454
"BP","GO:0140632","canonical inflammasome complex assembly",85,21,7.06,"4.2e-06",4.2e-06,0.000484145454545454
"BP","GO:0141084","inflammasome-mediated signaling pathway",85,21,7.06,"4.2e-06",4.2e-06,0.000484145454545454
"BP","GO:0141085","regulation of inflammasome-mediated signaling pathway",85,21,7.06,"4.2e-06",4.2e-06,0.000484145454545454
"BP","GO:1900015","regulation of cytokine production involved in inflammatory response",85,21,7.06,"4.2e-06",4.2e-06,0.000484145454545454
"BP","GO:1900225","regulation of NLRP3 inflammasome complex assembly",85,21,7.06,"4.2e-06",4.2e-06,0.000484145454545454
"BP","GO:0031347","regulation of defense response",384,58,31.88,"5.3e-06",5.3e-06,0.000597368888888889
"BP","GO:1901222","regulation of non-canonical NF-kappaB signal transduction",101,23,8.39,"6.5e-06",6.5e-06,0.000716695652173913
"BP","GO:0032687","negative regulation of interferon-alpha production",81,20,6.72,"7.1e-06",7.1e-06,0.000766195744680851
"BP","GO:0039531","regulation of viral-induced cytoplasmic pattern recognition receptor signaling pathway",102,23,8.47,"7.8e-06",7.8e-06,0.000807379591836735
"BP","GO:0043124","negative regulation of canonical NF-kappaB signal transduction",102,23,8.47,"7.8e-06",7.8e-06,0.000807379591836735
"BP","GO:0002757","immune response-activating signaling pathway",277,45,23,"9.3e-06",9.3e-06,0.000943392
"BP","GO:0002764","immune response-regulating signaling pathway",278,45,23.08,"1.0e-05",1e-05,0.000994509803921569
"BP","GO:0032607","interferon-alpha production",84,20,6.97,"1.3e-05",1.3e-05,0.00119883636363636
"BP","GO:0032647","regulation of interferon-alpha production",84,20,6.97,"1.3e-05",1.3e-05,0.00119883636363636
"BP","GO:0032688","negative regulation of interferon-beta production",84,20,6.97,"1.3e-05",1.3e-05,0.00119883636363636
"BP","GO:0039532","negative regulation of viral-induced cytoplasmic pattern recognition receptor signaling pathway",91,21,7.56,"1.3e-05",1.3e-05,0.00119883636363636
"BP","GO:0141086","negative regulation of inflammasome-mediated signaling pathway",79,19,6.56,"1.8e-05",1.8e-05,0.00160168421052632
"BP","GO:1900226","negative regulation of NLRP3 inflammasome complex assembly",79,19,6.56,"1.8e-05",1.8e-05,0.00160168421052632
"BP","GO:0032480","negative regulation of type I interferon production",93,21,7.72,"1.9e-05",1.9e-05,0.00163335593220339
"BP","GO:0050687","negative regulation of defense response to virus",93,21,7.72,"1.9e-05",1.9e-05,0.00163335593220339
"BP","GO:1900016","negative regulation of cytokine production involved in inflammatory response",80,19,6.64,"2.2e-05",2.2e-05,0.00185973333333333
"BP","GO:0002532","production of molecular mediator involved in inflammatory response",102,22,8.47,"2.6e-05",2.6e-05,0.00207490909090909
"BP","GO:0032720","negative regulation of tumor necrosis factor production",102,22,8.47,"2.6e-05",2.6e-05,0.00207490909090909
"BP","GO:1903556","negative regulation of tumor necrosis factor superfamily cytokine production",102,22,8.47,"2.6e-05",2.6e-05,0.00207490909090909
"BP","GO:0032715","negative regulation of interleukin-6 production",88,20,7.31,"2.7e-05",2.7e-05,0.00207490909090909
"BP","GO:0050728","negative regulation of inflammatory response",117,24,9.71,"2.7e-05",2.7e-05,0.00207490909090909
"BP","GO:0062207","regulation of pattern recognition receptor signaling pathway",117,24,9.71,"2.7e-05",2.7e-05,0.00207490909090909
"BP","GO:0032196","transposition",148,28,12.29,"2.9e-05",2.9e-05,0.00219534328358209
"BP","GO:1901223","negative regulation of non-canonical NF-kappaB signal transduction",83,19,6.89,"3.8e-05",3.8e-05,0.00283435294117647
"BP","GO:0006955","immune response",788,97,65.42,"4.3e-05",4.3e-05,0.0031608115942029
"BP","GO:0050778","positive regulation of immune response",413,58,34.29,"4.8e-05",4.8e-05,0.00347794285714286
"BP","GO:0032648","regulation of interferon-beta production",100,21,8.3,"5.9e-05",5.9e-05,0.00421476056338028
"BP","GO:0050727","regulation of inflammatory response",170,30,14.11,"6.0e-05",6e-05,0.00422666666666667
"BP","GO:0080134","regulation of response to stress",706,88,58.61,"6.3e-05",6.3e-05,0.00437720547945205
"BP","GO:0032088","negative regulation of NF-kappaB transcription factor activity",108,22,8.97,"6.4e-05",6.4e-05,0.00438659459459459
"BP","GO:0098542","defense response to other organism",618,79,51.31,"6.5e-05",6.5e-05,0.00439573333333333
"BP","GO:0032608","interferon-beta production",101,21,8.39,"6.9e-05",6.9e-05,0.00454503896103896
"BP","GO:0050776","regulation of immune response",456,62,37.86,"6.9e-05",6.9e-05,0.00454503896103896
"BP","GO:0032680","regulation of tumor necrosis factor production",109,22,9.05,"7.4e-05",7.4e-05,0.00475098734177215
"BP","GO:1903555","regulation of tumor necrosis factor superfamily cytokine production",109,22,9.05,"7.4e-05",7.4e-05,0.00475098734177215
"BP","GO:0006954","inflammatory response",338,49,28.06,"8.2e-05",8.2e-05,0.0051988
"BP","GO:0032640","tumor necrosis factor production",110,22,9.13,"8.6e-05",8.6e-05,0.00531941463414634
"BP","GO:0071706","tumor necrosis factor superfamily cytokine production",110,22,9.13,"8.6e-05",8.6e-05,0.00531941463414634
"BP","GO:0006952","defense response",793,96,65.84,"9.0e-05",9e-05,0.00549975903614458
"BP","GO:0006968","cellular defense response",30,10,2.49,"9.6e-05",9.6e-05,0.00579657142857143
"BP","GO:0045824","negative regulation of innate immune response",96,20,7.97,"9.8e-05",9.8e-05,0.00584771764705882
"BP","GO:0001817","regulation of cytokine production",279,42,23.16,"0.00011",0.00011,0.00641287356321839
"BP","GO:0002684","positive regulation of immune system process",521,68,43.26,"0.00011",0.00011,0.00641287356321839
"BP","GO:0031333","negative regulation of protein-containing complex assembly",128,24,10.63,"0.00012",0.00012,0.00691636363636364
"BP","GO:0075733","intracellular transport of virus",69,16,5.73,"0.00013",0.00013,0.0074085393258427
"BP","GO:0002682","regulation of immune system process",664,82,55.13,"0.00015",0.00015,0.00836043956043956
"BP","GO:0046794","transport of virus",70,16,5.81,"0.00015",0.00015,0.00836043956043956
"BP","GO:0038061","non-canonical NF-kappaB signal transduction",163,28,13.53,"0.00017",0.00017,0.00937217391304348
"BP","GO:0048147","negative regulation of fibroblast proliferation",93,19,7.72,"0.00019",0.00019,0.0103621505376344
"BP","GO:0050777","negative regulation of immune response",124,23,10.29,"0.00020",2e-04,0.0107914893617021
"BP","GO:0043207","response to external biotic stimulus",801,95,66.5,"0.00021",0.00021,0.011095
"BP","GO:0051707","response to other organism",801,95,66.5,"0.00021",0.00021,0.011095
"BP","GO:0050688","regulation of defense response to virus",117,22,9.71,"0.00022",0.00022,0.0115035051546392
"BP","GO:0009607","response to biotic stimulus",834,98,69.24,"0.00023",0.00023,0.0119036734693878
"BP","GO:0002832","negative regulation of response to biotic stimulus",111,21,9.22,"0.00028",0.00028,0.0143450505050505
"BP","GO:0075732","viral penetration into host nucleus",67,15,5.56,"0.00031",0.00031,0.0157232
"BP","GO:0032479","regulation of type I interferon production",128,23,10.63,"0.00032",0.00032,0.0159121568627451
"BP","GO:0032606","type I interferon production",128,23,10.63,"0.00032",0.00032,0.0159121568627451
"BP","GO:0001816","cytokine production",294,42,24.41,"0.00036",0.00036,0.0177273786407767
"BP","GO:0043170","macromolecule metabolic process",6429,586,533.76,"0.00041",0.00041,0.0196181132075472
"BP","GO:0031348","negative regulation of defense response",147,25,12.2,"0.00043",0.00043,0.0201940740740741
"BP","GO:0043433","negative regulation of DNA-binding transcription factor activity",147,25,12.2,"0.00043",0.00043,0.0201940740740741
"BP","GO:0032635","interleukin-6 production",107,20,8.88,"0.00045",0.00045,0.0207490909090909
"BP","GO:0032675","regulation of interleukin-6 production",107,20,8.88,"0.00045",0.00045,0.0207490909090909
"BP","GO:0035278","miRNA-mediated gene silencing by inhibition of translation",57,13,4.73,"0.00064",0.00064,0.029243963963964
"BP","GO:0016032","viral process",277,39,23,"0.00076",0.00076,0.0338133333333333
"BP","GO:0010172","embryonic body morphogenesis",51,12,4.23,"0.00076",0.00076,0.0338133333333333
"BP","GO:0002376","immune system process",1170,126,97.14,"0.00112",0.00112,0.0493968695652174
"MF","GO:0003964","RNA-directed DNA polymerase activity",457,105,39.67,"3.1e-21",3.1e-21,3.0938e-18
"MF","GO:0034061","DNA polymerase activity",484,107,42.02,"2.9e-20",2.9e-20,1.4471e-17
"MF","GO:0004190","aspartic-type endopeptidase activity",352,82,30.56,"3.7e-17",3.7e-17,1.12275e-14
"MF","GO:0070001","aspartic-type peptidase activity",353,82,30.64,"4.5e-17",4.5e-17,1.12275e-14
"MF","GO:0016779","nucleotidyltransferase activity",581,113,50.44,"7.2e-17",7.2e-17,1.43712e-14
"MF","GO:0140097","catalytic activity, acting on DNA",693,122,60.16,"1.0e-14",1e-14,1.66333333333333e-12
"MF","GO:0004519","endonuclease activity",516,97,44.79,"1.2e-13",1.2e-13,1.71085714285714e-11
"MF","GO:0004518","nuclease activity",725,122,62.94,"2.9e-13",2.9e-13,3.61775e-11
"MF","GO:0003676","nucleic acid binding",3102,357,269.29,"2.6e-10",2.6e-10,2.88311111111111e-08
"MF","GO:0016772","transferase activity, transferring phosphorus-containing groups",1421,189,123.36,"3.9e-10",3.9e-10,3.8922e-08
"MF","GO:0003887","DNA-directed DNA polymerase activity",227,50,19.71,"5.1e-10",5.1e-10,4.62709090909091e-08
"MF","GO:0016788","hydrolase activity, acting on ester bonds",1158,156,100.53,"7.4e-09",7.4e-09,6.15433333333333e-07
"MF","GO:1901363","heterocyclic compound binding",5261,546,456.71,"9.1e-09",9.1e-09,6.986e-07
"MF","GO:0008270","zinc ion binding",1108,150,96.19,"1.1e-08",1.1e-08,7.84142857142857e-07
"MF","GO:0097159","organic cyclic compound binding",5291,548,459.31,"1.2e-08",1.2e-08,7.984e-07
"MF","GO:0004523","RNA-DNA hybrid ribonuclease activity",133,33,11.55,"2.2e-08",2.2e-08,1.37225e-06
"MF","GO:0140640","catalytic activity, acting on a nucleic acid",989,133,85.86,"1.2e-07",1.2e-07,7.04470588235294e-06
"MF","GO:0016891","RNA endonuclease activity, producing 5'-phosphomonoesters",159,34,13.8,"6.2e-07",6.2e-07,3.43755555555556e-05
"MF","GO:0004175","endopeptidase activity",768,106,66.67,"7.7e-07",7.7e-07,4.04452631578947e-05
"MF","GO:0016740","transferase activity",2792,305,242.37,"2.0e-06",2e-06,9.98e-05
"MF","GO:0046914","transition metal ion binding",1433,172,124.4,"3.4e-06",3.4e-06,0.000161580952380952
"MF","GO:0008233","peptidase activity",1000,127,86.81,"5.2e-06",5.2e-06,0.000235890909090909
"MF","GO:0016893","endonuclease activity, active with either ribo- or deoxyribonucleic acids and producing 5'-phosphomo...",192,36,16.67,"7.6e-06",7.6e-06,0.000329773913043478
"MF","GO:0004521","RNA endonuclease activity",179,34,15.54,"1.0e-05",1e-05,0.000415833333333333
"MF","GO:0140096","catalytic activity, acting on a protein",2704,291,234.74,"1.4e-05",1.4e-05,0.00055888
"MF","GO:0036312","phosphatidylinositol 3-kinase regulatory subunit binding",84,20,7.29,"2.5e-05",2.5e-05,0.000959615384615385
"MF","GO:0043548","phosphatidylinositol 3-kinase binding",89,20,7.73,"6.0e-05",6e-05,0.00221777777777778
"MF","GO:0004540","RNA nuclease activity",206,34,17.88,"0.00019",0.00019,0.00677214285714286
"MF","GO:1990381","ubiquitin-specific protease binding",43,12,3.73,"0.00021",0.00021,0.00722689655172414
"MF","GO:0003677","DNA binding",1535,171,133.25,"0.00024",0.00024,0.007984
"MF","GO:0016787","hydrolase activity",2523,259,219.02,"0.00110",0.0011,0.0322882352941176
"CC","GO:0018995","host cellular component",103,26,8.26,"9.9e-08",9.9e-08,6.6429e-05
"CC","GO:0043657","host cell",100,24,8.02,"8.3e-07",8.3e-07,0.000278465
"CC","GO:0033646","host intracellular part",94,22,7.54,"3.7e-06",3.7e-06,0.000620675
"CC","GO:0043656","host intracellular region",94,22,7.54,"3.7e-06",3.7e-06,0.000620675
"CC","GO:0033643","host cell part",96,22,7.7,"5.4e-06",5.4e-06,0.000620675
"CC","GO:0030430","host cell cytoplasm",90,21,7.22,"6.4e-06",6.4e-06,0.000620675
"CC","GO:0033647","host intracellular organelle",77,19,6.18,"7.4e-06",7.4e-06,0.000620675
"CC","GO:0033648","host intracellular membrane-bounded organelle",77,19,6.18,"7.4e-06",7.4e-06,0.000620675
"CC","GO:0033655","host cell cytoplasm part",39,11,3.13,"0.00017",0.00017,0.00894666666666667
"CC","GO:0097228","sperm principal piece",46,12,3.69,"0.00020",2e-04,0.00894666666666667
"CC","GO:0042025","host cell nucleus",68,15,5.46,"0.00026",0.00026,0.01090375
"CC","GO:0000943","retrotransposon nucleocapsid",46,11,3.69,"0.00082",0.00082,0.027511
"CC","GO:0030666","endocytic vesicle membrane",92,17,7.38,"0.00093",0.00093,0.0297157142857143
