"peak_id","seqnames","start","end","width","strand","X1","X2","X3","X4","avgAccessibility"
"Sc0000280:1789-2189","Sc0000280",1789,2189,401,"*",2.99036513115581,6.6372437135635,0,0,32.1762668582308
"Sc0000280:4571-4971","Sc0000280",4571,4971,401,"*",92.70131906583,1.81015737642641,162.103379957973,88.33634436737,217.005094199101
"Sc0000280:6033-6433","Sc0000280",6033,6433,401,"*",8.97109539346742,1.20677158428427,23.1576257082819,13.5354076046777,55.3754195195085
"Sc0000280:10592-10992","Sc0000280",10592,10992,401,"*",47.8458420984929,6.6372437135635,4.9623483660604,7.12389873930403,47.1404251459253
"Sc0000280:12105-12505","Sc0000280",12105,12505,401,"*",107.653144721609,24.1354316856855,56.2399481486846,37.7566633183114,123.528829449624
"Sc0000280:15433-15833","Sc0000280",15433,15833,401,"*",83.7302236723626,2.41354316856855,31.4282063183826,14.2477974786081,73.2581598778058
"Sc0000280:26484-26884","Sc0000280",26484,26884,401,"*",164.470082213569,19.9117311406905,132.329289761611,99.022192476326,225.063841540864
"Sc0000280:27498-27898","Sc0000280",27498,27898,401,"*",14.951825655779,3.01692896071068,3.30823224404027,10.685848108956,41.5548268142534
"Sc0000280:31104-31504","Sc0000280",31104,31504,401,"*",17.9421907869348,0,51.2775997826242,54.1416304187106,103.933419813626
"Sc0000280:32328-32728","Sc0000280",32328,32728,401,"*",128.5857006397,0.603385792142137,89.3222705890873,40.606222814033,137.5115621942
"Sc0000280:34346-34746","Sc0000280",34346,34746,401,"*",41.8651118361813,9.05078688213205,18.1952773422215,24.9336455875641,69.4413871442285
"xfSc0000176:6336-6736","xfSc0000176",6336,6736,401,"*",11.9614605246232,0,13.2329289761611,4.27433924358242,53.9884764185995
"xfSc0000176:8246-8646","xfSc0000176",8246,8646,401,"*",2.99036513115581,33.1862185678175,1.65411612202013,1.42477974786081,62.6545225077364
"xfSc0000176:10039-10439","xfSc0000176",10039,10439,401,"*",0,0,4.9623483660604,0,43.5111954187357
"xfSc0000176:18473-18873","xfSc0000176",18473,18873,401,"*",8.97109539346742,0,0,6.41150886537363,45.8371552488936
"xfSc0000176:21368-21768","xfSc0000176",21368,21768,401,"*",0,0,11.5788128541409,0,48.1661513111574
"xfSc0000176:22279-22679","xfSc0000176",22279,22679,401,"*",11.9614605246232,0,18.1952773422215,9.26106836109524,60.9738847669315
"xfSc0000176:36648-37048","xfSc0000176",36648,37048,401,"*",50.8362072296487,1.20677158428427,13.2329289761611,2.84955949572161,59.4604235945851
"xfSc0000176:48112-48512","xfSc0000176",48112,48512,401,"*",2.99036513115581,0,8.27058061010067,2.13716962179121,47.858388593297
"xfSc0000176:55725-56125","xfSc0000176",55725,56125,401,"*",0,13.8778732192691,0,4.27433924358242,51.5365038437998
"xfSc0000176:79163-79563","xfSc0000176",79163,79563,401,"*",65.7880328854278,0,6.61646448808054,1.42477974786081,55.418114203597
"xfSc0000176:87033-87433","xfSc0000176",87033,87433,401,"*",2.99036513115581,0,3.30823224404027,12.8230177307473,51.9495342432127
"xfSc0000176:98012-98412","xfSc0000176",98012,98412,401,"*",0,12.0677158428427,0,0.712389873930403,48.0914013027315
"xfSc0000176:152499-152899","xfSc0000176",152499,152899,401,"*",2.99036513115581,0,0,10.685848108956,48.3485149320917
"xfSc0000176:158856-159256","xfSc0000176",158856,159256,401,"*",0,1.20677158428427,6.61646448808054,0,45.8433352982504
"xfSc0000254:24883-25283","xfSc0000254",24883,25283,401,"*",2.99036513115581,0,0,9.26106836109524,59.6082437917235
"xfSc0000254:40851-41251","xfSc0000254",40851,41251,401,"*",5.98073026231162,0,0,2.84955949572161,55.6268404187449
"xfSc0000254:50981-51381","xfSc0000254",50981,51381,401,"*",14.951825655779,0.603385792142137,4.9623483660604,3.56194936965202,61.2856555523448
"xfSc0000254:57111-57511","xfSc0000254",57111,57511,401,"*",302.026878246737,1.20677158428427,330.823224404027,327.699342007985,556.586617011423
"xfSc0000254:70703-71103","xfSc0000254",70703,71103,401,"*",17.9421907869348,0,4.9623483660604,4.27433924358242,61.9109734440664
"xfSc0000275:18341-18741","xfSc0000275",18341,18741,401,"*",11.9614605246232,3.62031475285282,3.30823224404027,4.27433924358242,64.1966250370047
"xfSc0000283:6461-6861","xfSc0000283",6461,6861,401,"*",2.99036513115581,3.01692896071068,3.30823224404027,12.1106278568169,69.3537487132354
"xfSc0000315:4031-4431","xfSc0000315",4031,4431,401,"*",17.9421907869348,32.5828327756754,4.9623483660604,12.1106278568169,93.3280989912575
"xfSc0000315:16561-16961","xfSc0000315",16561,16961,401,"*",0,0,16.5411612202013,0,70.7471254069056
"xfSc0000318:2767-3167","xfSc0000318",2767,3167,401,"*",168489.132949843,946.10892207887,2724.32925296716,1876.43492793268,28301.6529985317
"xfSc0000318:4189-4589","xfSc0000318",4189,4589,401,"*",555974.66591475,2606.62662205403,8649.37320204328,6084.52191323957,92628.9898234574
"xfSc0000318:16970-17370","xfSc0000318",16970,17370,401,"*",20914.6137273037,83.870625107757,297.740901963624,223.690420414147,3510.17268019659
"xfSc0000318:25807-26207","xfSc0000318",25807,26207,401,"*",7517.7779397257,18.7049595564062,87.6681544670671,80.5000557541356,1279.43327028497
"xfSc0000318:30814-31214","xfSc0000318",30814,31214,401,"*",12042.2003831644,45.8573202028024,130.675173639591,121.106278568169,2011.02564151366
"xfSc0000329:3238-3638","xfSc0000329",3238,3638,401,"*",0,0,0,7.12389873930403,65.518608194541
"xfSc0000329:19309-19709","xfSc0000329",19309,19709,401,"*",2.99036513115581,0,8.27058061010067,0,66.8175704428659
"xfSc0000329:26246-26646","xfSc0000329",26246,26646,401,"*",0,0,8.27058061010067,5.69911899144323,70.3720336507071
"xfSc0000343:552-952","xfSc0000343",552,952,401,"*",221.28701970553,1.20677158428427,99.2469673212081,193.77004570907,299.727690656964
"xfSc0000343:17619-18019","xfSc0000343",17619,18019,401,"*",14.951825655779,0,23.1576257082819,24.9336455875641,98.4107447556468
"xfSc0000343:18420-18820","xfSc0000343",18420,18820,401,"*",8.97109539346742,0,3.30823224404027,1.42477974786081,67.3155633931827
"xfSc0000356:20957-21357","xfSc0000356",20957,21357,401,"*",0,0,0,11.3982379828865,71.8823527475727
"xfSc0000363:13208-13608","xfSc0000363",13208,13608,401,"*",2.99036513115581,0,0,7.12389873930403,70.1948877088224
"xfSc0000364:18494-18894","xfSc0000364",18494,18894,401,"*",0,0,18.1952773422215,0,77.6997598836509
"xfSc0000365:18178-18578","xfSc0000365",18178,18578,401,"*",5.98073026231162,0,3.30823224404027,3.56194936965202,70.8256144163133
"xfSc0000366:8045-8445","xfSc0000366",8045,8445,401,"*",15801.0893530273,47.0640917870866,398.641985406852,226.539979909868,2823.93523774321
"xfSc0000371:17730-18130","xfSc0000371",17730,18130,401,"*",5.98073026231162,0.603385792142137,0,0,67.2757867767948
"xfSc0000378:7931-8331","xfSc0000378",7931,8331,401,"*",5.98073026231162,3.01692896071068,1.65411612202013,2.13716962179121,72.0483170510585
"xfSc0000383:2010-2410","xfSc0000383",2010,2410,401,"*",0,6.6372437135635,8.27058061010067,0.712389873930403,77.6784809059882
"xfSc0000388:4208-4608","xfSc0000388",4208,4608,401,"*",8.97109539346742,57.9250360456451,11.5788128541409,19.9469164700513,126.000206771943
"xfSc0000388:6975-7375","xfSc0000388",6975,7375,401,"*",0,9.05078688213205,1.65411612202013,0.712389873930403,74.8805826696427
"xfSc0000395:7505-7905","xfSc0000395",7505,7905,401,"*",0,0.603385792142137,8.27058061010067,1.42477974786081,75.6016509955099
"xfSc0000410:10635-11035","xfSc0000410",10635,11035,401,"*",8.97109539346742,21.1185027249748,3.30823224404027,0,85.8931037370236
"xfSc0000418:8064-8464","xfSc0000418",8064,8464,401,"*",8.97109539346742,1.20677158428427,0,0,72.4326335152349
"xfSc0000428:7332-7732","xfSc0000428",7332,7732,401,"*",2.99036513115581,1.81015737642641,3.30823224404027,6.41150886537363,79.5779537167579
"xfSc0000430:4502-4902","xfSc0000430",4502,4902,401,"*",8.97109539346742,1.20677158428427,0,1.42477974786081,74.4668477291133
"xfSc0000437:126-526","xfSc0000437",126,526,401,"*",29.9036513115581,0,6.61646448808054,6.41150886537363,85.207867596934
"xfSc0000437:926-1326","xfSc0000437",926,1326,401,"*",11.9614605246232,0,3.30823224404027,5.69911899144323,79.7989568383088
"xfSc0000437:4332-4732","xfSc0000437",4332,4732,401,"*",14.951825655779,0,6.61646448808054,1.42477974786081,79.577999445913
"xfSc0000445:539-939","xfSc0000445",539,939,401,"*",14.951825655779,10.8609442585585,28.1199740743423,26.3584253354249,118.850258758078
"xfSc0000452:792-1192","xfSc0000452",792,1192,401,"*",0,0,0,4.27433924358242,75.4615960061954
"xfSc0000452:1511-1911","xfSc0000452",1511,1911,401,"*",2.99036513115581,0,14.8870450981812,16.3849671003993,94.7261544910424
"xfSc0000462:610-1010","xfSc0000462",610,1010,401,"*",8.97109539346742,6.03385792142137,6.61646448808054,26.3584253354249,100.9281225071
"xfSc0000471:1880-2280","xfSc0000471",1880,2280,401,"*",8.97109539346742,0,8.27058061010067,0.712389873930403,80.7655589008915
"xpSc0000639:43436-43836","xpSc0000639",43436,43836,401,"*",5.98073026231162,7.24062950570564,19.8493934642416,2.84955949572161,110.372589708372
"xpSc0000639:54938-55338","xpSc0000639",54938,55338,401,"*",0,10.2575584664163,9.92469673212081,0,102.445039065786
"xpSc0000639:58372-58772","xpSc0000639",58372,58772,401,"*",5.98073026231162,0.603385792142137,13.2329289761611,3.56194936965202,102.286138030377
"xpSc0000653:20940-21340","xpSc0000653",20940,21340,401,"*",2.99036513115581,14.4812590114113,0,1.42477974786081,101.317645517472
"xpSc0000653:40455-40855","xpSc0000653",40455,40855,401,"*",5.98073026231162,0.603385792142137,9.92469673212081,4.27433924358242,102.348236785586
"xpSc0000657:9-409","xpSc0000657",9,409,401,"*",8.97109539346742,0.603385792142137,0,12.1106278568169,101.711406815561
"xpSc0000657:695-1095","xpSc0000657",695,1095,401,"*",17.9421907869348,6.6372437135635,0,9.97345823502565,105.170427747435
"xpSc0000657:11891-12656","xpSc0000657",11891,12656,766,"*",38.8747467050255,0,72.7811093688859,42.0310025618938,177.384594648721
"xpSc0000657:13136-13536","xpSc0000657",13136,13536,401,"*",8.97109539346742,1.81015737642641,38.0446708064631,17.8097468482601,133.016847541387
"xpSc0000657:18102-18502","xpSc0000657",18102,18502,401,"*",11.9614605246232,0,3.30823224404027,12.8230177307473,104.642223627074
"xpSc0000657:19783-20183","xpSc0000657",19783,20183,401,"*",17.9421907869348,1.20677158428427,24.811741830302,19.2345265961209,125.7254130392
"xpSc0000657:25050-25450","xpSc0000657",25050,25450,401,"*",11.9614605246232,0,16.5411612202013,32.7699342007986,127.791801545204
"xpSc0000657:30827-31227","xpSc0000657",30827,31227,401,"*",35.8843815738697,3.01692896071068,23.1576257082819,22.0840860918425,130.285009526894
"xpSc0000657:33605-34005","xpSc0000657",33605,34005,401,"*",2.99036513115581,0.603385792142137,3.30823224404027,14.9601873525385,105.238598567454
"xpSc0000657:41503-41903","xpSc0000657",41503,41903,401,"*",29.9036513115581,0,26.4658579523221,20.6593063439817,128.946157707474
"xpSc0000657:42690-43090","xpSc0000657",42690,43090,401,"*",80.7398585412068,3.62031475285282,54.5858320266644,72.6637671409011,194.359729479254
"xpSc0000657:52297-52697","xpSc0000657",52297,52697,401,"*",8.97109539346742,1.81015737642641,8.27058061010067,7.83628861323444,105.397684050572
"xpSc0000657:53846-54246","xpSc0000657",53846,54246,401,"*",5.98073026231162,4.82708633713709,16.5411612202013,15.6725772264689,118.02101048424
"xpSc0000657:56635-57035","xpSc0000657",56635,57035,401,"*",487.429516378397,57.9250360456451,382.100824186651,288.517898941813,665.236274434626
"xpSc0000657:58425-58825","xpSc0000657",58425,58825,401,"*",726.658726870861,2.41354316856855,330.823224404027,305.615255916143,642.556319284164
"xpSc0000691:8085-8485","xpSc0000691",8085,8485,401,"*",0,0,8.27058061010067,2.13716962179121,103.640133969073
"xpSc0000691:13849-14249","xpSc0000691",13849,14249,401,"*",8.97109539346742,1.20677158428427,23.1576257082819,19.2345265961209,127.988438624771
"xpSc0000691:14713-15113","xpSc0000691",14713,15113,401,"*",5.98073026231162,0,49.623483660604,15.6725772264689,142.831850026697
"xpSc0000691:30078-30478","xpSc0000691",30078,30478,401,"*",0,6.03385792142137,0,0,100.084869390913
"xpSc0000691:35810-36210","xpSc0000691",35810,36210,401,"*",5.98073026231162,8.44740108998991,0,2.13716962179121,103.91530208354
"xpSc0000720:169-569","xpSc0000720",169,569,401,"*",26.9132861804023,10.2575584664163,21.5035095862617,19.2345265961209,138.195078937221
"xpSc0000720:6158-6558","xpSc0000720",6158,6558,401,"*",2.99036513115581,3.01692896071068,9.92469673212081,9.26106836109524,115.339082048381
"xpSc0000720:19430-19830","xpSc0000720",19430,19830,401,"*",20.9325559180907,1.81015737642641,3.30823224404027,13.5354076046777,115.610523468874
"xpSc0000723:20868-21268","xpSc0000723",20868,21268,401,"*",8.97109539346742,0,11.5788128541409,0,109.664714620739
"xpSc0000733:339-739","xpSc0000733",339,739,401,"*",0,15.6880305956955,8.27058061010067,14.2477974786081,126.081441816599
"xpSc0000733:15851-16251","xpSc0000733",15851,16251,401,"*",0,8.44740108998991,4.9623483660604,0.712389873930403,110.023604873138
"xpSc0000743:6970-7370","xpSc0000743",6970,7370,401,"*",14.951825655779,2.41354316856855,9.92469673212081,12.1106278568169,121.33033067889
"xpSc0000744:249-649","xpSc0000744",249,649,401,"*",14.951825655779,2.41354316856855,26.4658579523221,29.2079848311465,144.940769728219
"xpSc0000750:15994-16394","xpSc0000750",15994,16394,401,"*",0,9.65417267427418,4.9623483660604,2.84955949572161,114.346442463046
"xpSc0000757:1981-2381","xpSc0000757",1981,2381,401,"*",17.9421907869348,54.9081070849344,1.65411612202013,2.84955949572161,142.618564740804
"xpSc0000802:104-504","xpSc0000802",104,504,401,"*",26.9132861804023,0,9.92469673212081,4.27433924358242,121.223305675374
"xpSc0000802:9029-9429","xpSc0000802",9029,9429,401,"*",2.99036513115581,2.41354316856855,8.27058061010067,3.56194936965202,117.582716442339
"xpSc0000809:10662-11062","xpSc0000809",10662,11062,401,"*",89.7109539346742,0,100.901083443228,99.022192476326,260.222958032859
"xpSc0000823:3514-3914","xpSc0000823",3514,3914,401,"*",0,0.603385792142137,6.61646448808054,2.13716962179121,115.647125707215
"xpSc0000829:4242-4642","xpSc0000829",4242,4642,401,"*",8.97109539346742,16.8948021799798,11.5788128541409,8.54867848716484,135.066500404738
"xpSc0000829:8646-9046","xpSc0000829",8646,9046,401,"*",5.98073026231162,0.603385792142137,3.30823224404027,0,113.083612096186
"xpSc0000835:5848-6248","xpSc0000835",5848,6248,401,"*",14.951825655779,1.81015737642641,18.1952773422215,8.54867848716484,131.981049661569
"xpSc0000845:1500-1900","xpSc0000845",1500,1900,401,"*",68.7783980165836,0.603385792142137,56.2399481486846,25.6460354614945,178.053670261556
"xpSc0000845:2292-2692","xpSc0000845",2292,2692,401,"*",29.9036513115581,0,24.811741830302,12.8230177307473,141.171525575528
"xpSc0000845:5708-6108","xpSc0000845",5708,6108,401,"*",149.51825655779,1.20677158428427,132.329289761611,105.4337013417,298.840274862339
"xpSc0000855:1370-1770","xpSc0000855",1370,1770,401,"*",0,5.43047212927923,4.9623483660604,1.42477974786081,118.65842644871
"xpSc0000855:6681-7081","xpSc0000855",6681,7081,401,"*",5.98073026231162,0,9.92469673212081,15.6725772264689,129.649515517109
"xpSc0000860:2663-3063","xpSc0000860",2663,3063,401,"*",278.10395719749,7.84401529784777,297.740901963624,299.9161369247,573.302754200526
"xpSc0000880:2345-2745","xpSc0000880",2345,2745,401,"*",20.9325559180907,59.1318076299294,18.1952773422215,22.0840860918425,178.970717568182
"xpSc0000880:3786-4186","xpSc0000880",3786,4186,401,"*",17.9421907869348,16.8948021799798,0,4.98672911751282,128.433898021919
"xpSc0000887:3869-4269","xpSc0000887",3869,4269,401,"*",5.98073026231162,18.1015737642641,13.2329289761611,7.12389873930403,138.331018666065
"xpSc0000903:3434-3834","xpSc0000903",3434,3834,401,"*",2.99036513115581,48.2708633713709,1.65411612202013,0,143.587850061321
"xpSc0000912:2002-2402","xpSc0000912",2002,2402,401,"*",2.99036513115581,0,23.1576257082819,9.97345823502565,137.107720072407
"xpSc0000918:-79-321","xpSc0000918",-79,321,401,"*",0,21.7218885171169,4.9623483660604,2.84955949572161,132.463950141818
"xpSc0000918:1629-2029","xpSc0000918",1629,2029,401,"*",11.9614605246232,395.821079645242,112.479896297369,93.3230734848828,498.108608831607
"xpSc0000918:3437-3837","xpSc0000918",3437,3837,401,"*",17.9421907869348,96.5417267427418,49.623483660604,65.5398684015971,255.08030892504
"xpSc0000919:3817-4217","xpSc0000919",3817,4217,401,"*",5.98073026231162,4.22370054499496,0,0,117.507158713754
"xpSc0000920:3036-3436","xpSc0000920",3036,3436,401,"*",0,12.6711016349849,1.65411612202013,0.712389873930403,123.562482597511
"xpSc0000937:1156-1556","xpSc0000937",1156,1556,401,"*",2.99036513115581,0,6.61646448808054,7.12389873930403,124.797795037081
"xpSc0000956:167-567","xpSc0000956",167,567,401,"*",5.98073026231162,0,0,0,116.175020741952
"xpSc0000958:1668-2068","xpSc0000958",1668,2068,401,"*",8.97109539346742,0,1.65411612202013,0,117.944409351432
"xpSc0000958:2383-2783","xpSc0000958",2383,2783,401,"*",8.97109539346742,0,4.9623483660604,0,120.256971935846
"xpSc0000962:287-687","xpSc0000962",287,687,401,"*",0,2.41354316856855,1.65411612202013,10.685848108956,125.709694279991
"xpSc0000968:707-1107","xpSc0000968",707,1107,401,"*",0,8.44740108998991,1.65411612202013,16.3849671003993,133.496552710338
"xpSc0000968:1264-1664","xpSc0000968",1264,1664,401,"*",2.99036513115581,10.8609442585585,6.61646448808054,20.6593063439817,141.830737959872
"xpSc0000973:444-844","xpSc0000973",444,844,401,"*",11.9614605246232,36.8065333206703,4.9623483660604,19.2345265961209,156.821314897786
"xpSc0000973:1725-2125","xpSc0000973",1725,2125,401,"*",35.8843815738697,39.823462281381,31.4282063183826,68.3894278973187,214.82444676718
