"","PC1","PC2","group","heat_stress","name"
"01_27_Y",-29.8757017823049,-7.4490830976068,"24.5","24.5","01_27_Y"
"01_28_R",27.506399122537,-27.7819409520473,"36","36","01_28_R"
"01_40_Y",-30.6857488396631,-6.48914584403054,"24.5","24.5","01_40_Y"
"01_42_R",40.2904730264241,-11.3131420569028,"36","36","01_42_R"
"01_45_Y",-31.1479416142402,-6.96060354320421,"24.5","24.5","01_45_Y"
"01_46_Y",38.9811991908674,-10.3744476252067,"36","36","01_46_Y"
"01_51_Y",-33.50925476691,-17.6439987660481,"24.5","24.5","01_51_Y"
"01_52_Y",-29.7035981927483,-16.6927434875924,"24.5","24.5","01_52_Y"
"01_54_Y",37.4608980933574,-9.20585856103488,"36","36","01_54_Y"
"01_58_Y",41.0079248511296,-11.0035025847924,"36","36","01_58_Y"
"01_63_Y",32.9344931153753,-24.3795650036117,"36","36","01_63_Y"
"01_68_Y",-28.7471310078464,-7.29581491595527,"24.5","24.5","01_68_Y"
"01_78_R",-35.1947901176838,-18.2792337023522,"24.5","24.5","01_78_R"
"01_92_Y",32.3930874104369,-25.8623853505698,"36","36","01_92_Y"
"02_29_Y",31.4712314357631,22.7518622580651,"36","36","02_29_Y"
"02_34_Y",-28.45822205132,15.5697956849092,"24.5","24.5","02_34_Y"
"02_35_R",-28.3217683084682,15.366342687845,"24.5","24.5","02_35_R"
"02_47_Y",31.1090420436131,22.9801239079591,"36","36","02_47_Y"
"02_65_R",-32.4288168375202,12.1619190697201,"24.5","24.5","02_65_R"
"02_79_R",32.7582618094663,21.1348292225158,"36","36","02_79_R"
"03_29_R",-32.0010344839118,-0.153164872701279,"24.5","24.5","03_29_R"
"03_48_Y",26.5736406076512,7.90008163694601,"36","36","03_48_Y"
"03_62_R",17.7780198136292,-4.27825546603908,"36","36","03_62_R"
"03_72_R",27.5996704535195,10.673163728596,"36","36","03_72_R"
"03_90_Y",-29.4595152392091,0.158646034169783,"24.5","24.5","03_90_Y"
"03_91_R",-27.8654023236528,1.21327162409601,"24.5","24.5","03_91_R"
"04_48_R",24.6366738868394,22.7695493805078,"36","36","04_48_R"
"04_65_Y",35.9889177250218,24.2514888724042,"36","36","04_65_Y"
"04_70_Y",-28.0896413716418,16.6974608275499,"24.5","24.5","04_70_Y"
"04_95_Y",-21.9575989209437,17.6879065312921,"24.5","24.5","04_95_Y"
"05_43_R",37.8816120580029,13.8186358190875,"36","36","05_43_R"
"05_46_R",-34.8583255923968,11.1914651329789,"24.5","24.5","05_46_R"
"05_50_Y",28.1436527694386,18.766805823672,"36","36","05_50_Y"
"05_62_Y",-31.879363849671,15.2498159193072,"24.5","24.5","05_62_Y"
"05_82_Y",-35.9398096760723,10.4597107681646,"24.5","24.5","05_82_Y"
"05_88_R",37.1845365258199,16.0234169923969,"36","36","05_88_R"
"06_22_Y",34.0248546982264,-23.8343892074961,"36","36","06_22_Y"
"06_32_R",32.5683047973552,-25.9065607900074,"36","36","06_32_R"
"06_59_R",30.3111927002806,-26.789261998037,"36","36","06_59_R"
"06_64_R",-31.5605549783496,-21.4556540448702,"24.5","24.5","06_64_R"
"06_67_R",38.7717129474744,-21.1254222467096,"36","36","06_67_R"
"06_72_Y",-28.9008575559914,-16.857537101998,"24.5","24.5","06_72_Y"
"06_82_R",-34.2986405870736,-12.7240159563043,"24.5","24.5","06_82_R"
"06_92_R",-32.6325378273527,-18.9605865604806,"24.5","24.5","06_92_R"
"07_31_R",-30.6233228187225,0.853298430887441,"24.5","24.5","07_31_R"
"07_36_R",18.8999044485261,-3.62565756671548,"36","36","07_36_R"
"07_39_R",14.7653029116308,-3.94851473588854,"36","36","07_39_R"
"07_53_Y",20.1523557897207,-1.92797156645882,"36","36","07_53_Y"
"07_64_Y",-34.0836679799754,-0.740464960438462,"24.5","24.5","07_64_Y"
"07_88_Y",-27.1753160328491,0.933453574741235,"24.5","24.5","07_88_Y"
"08_19_R",34.5769904919075,16.3469785360609,"36","36","08_19_R"
"08_30_R",-31.9686642625814,10.4553921262322,"24.5","24.5","08_30_R"
"08_33_Y",-31.1124008932193,9.29084507600484,"24.5","24.5","08_33_Y"
"08_36_Y",-30.5364426610346,9.69636778498423,"24.5","24.5","08_36_Y"
"08_45_R",34.4746718352667,17.9734855698302,"36","36","08_45_R"
"08_50_R",21.7444143951915,-2.26072335730555,"36","36","08_50_R"
"08_85_Y",34.762568731121,15.7878776177219,"36","36","08_85_Y"
"08_95_R",-33.7359371122397,7.15565528375916,"24.5","24.5","08_95_R"
