"sample","(Intercept)","genotype2","genotype3","genotype4","genotype5","genotype6","genotype7","genotype8","stress_dayD07","stress_dayD14","stress_dayD21","extraction_batch2","extraction_batch3","extraction_batch4","extraction_batch5","thermal_history7DA_0DB","thermal_history7DA_14DB","thermal_history7DA_7DB","heat_stress36"
"01_27_Y",1,0,0,0,0,0,0,0,0,0,0,0,1,0,0,0,0,0,0
"01_28_R",1,0,0,0,0,0,0,0,1,0,0,0,0,1,0,1,0,0,1
"01_40_Y",1,0,0,0,0,0,0,0,1,0,0,1,0,0,0,0,0,0,0
"01_42_R",1,0,0,0,0,0,0,0,0,1,0,0,0,0,1,0,0,1,1
"01_45_Y",1,0,0,0,0,0,0,0,0,0,1,1,0,0,0,0,0,0,0
"01_46_Y",1,0,0,0,0,0,0,0,0,0,1,0,0,0,1,0,1,0,1
"01_51_Y",1,0,0,0,0,0,0,0,0,1,0,0,0,0,0,0,0,0,0
"01_52_Y",1,0,0,0,0,0,0,0,0,0,1,1,0,0,0,0,1,0,0
"01_54_Y",1,0,0,0,0,0,0,0,0,0,0,0,0,0,1,0,0,0,1
"01_58_Y",1,0,0,0,0,0,0,0,0,1,0,0,0,0,1,0,0,0,1
"01_63_Y",1,0,0,0,0,0,0,0,0,0,1,0,0,1,0,0,0,0,1
"01_68_Y",1,0,0,0,0,0,0,0,1,0,0,0,1,0,0,1,0,0,0
"01_78_R",1,0,0,0,0,0,0,0,0,1,0,0,0,1,0,0,0,1,0
"01_92_Y",1,0,0,0,0,0,0,0,1,0,0,0,0,0,1,0,0,0,1
"02_29_Y",1,1,0,0,0,0,0,0,1,0,0,0,0,0,0,1,0,0,1
"02_34_Y",1,1,0,0,0,0,0,0,1,0,0,1,0,0,0,1,0,0,0
"02_35_R",1,1,0,0,0,0,0,0,1,0,0,0,0,0,1,0,0,0,0
"02_47_Y",1,1,0,0,0,0,0,0,1,0,0,0,0,0,1,0,0,0,1
"02_65_R",1,1,0,0,0,0,0,0,0,0,0,0,0,1,0,0,0,0,0
"02_79_R",1,1,0,0,0,0,0,0,0,0,0,0,0,0,1,0,0,0,1
"03_29_R",1,0,1,0,0,0,0,0,1,0,0,0,1,0,0,0,0,0,0
"03_48_Y",1,0,1,0,0,0,0,0,1,0,0,1,0,0,0,1,0,0,1
"03_62_R",1,0,1,0,0,0,0,0,1,0,0,0,0,0,1,0,0,0,1
"03_72_R",1,0,1,0,0,0,0,0,0,0,0,0,0,0,0,0,0,0,1
"03_90_Y",1,0,1,0,0,0,0,0,1,0,0,0,0,0,1,1,0,0,0
"03_91_R",1,0,1,0,0,0,0,0,0,0,0,0,0,0,1,0,0,0,0
"04_48_R",1,0,0,1,0,0,0,0,1,0,0,0,0,1,0,1,0,0,1
"04_65_Y",1,0,0,1,0,0,0,0,1,0,0,0,0,1,0,0,0,0,1
"04_70_Y",1,0,0,1,0,0,0,0,1,0,0,0,0,1,0,0,0,0,0
"04_95_Y",1,0,0,1,0,0,0,0,1,0,0,1,0,0,0,1,0,0,0
"05_43_R",1,0,0,0,1,0,0,0,0,1,0,0,0,0,0,0,0,1,1
"05_46_R",1,0,0,0,1,0,0,0,0,1,0,0,0,0,0,0,0,1,0
"05_50_Y",1,0,0,0,1,0,0,0,0,0,0,0,0,1,0,0,0,0,1
"05_62_Y",1,0,0,0,1,0,0,0,0,0,0,0,0,0,1,0,0,0,0
"05_82_Y",1,0,0,0,1,0,0,0,0,1,0,0,1,0,0,0,0,0,0
"05_88_R",1,0,0,0,1,0,0,0,0,1,0,1,0,0,0,0,0,0,1
"06_22_Y",1,0,0,0,0,1,0,0,0,0,1,0,0,0,1,0,0,0,1
"06_32_R",1,0,0,0,0,1,0,0,0,1,0,0,1,0,0,0,0,1,1
"06_59_R",1,0,0,0,0,1,0,0,0,0,1,0,0,1,0,0,1,0,1
"06_64_R",1,0,0,0,0,1,0,0,0,0,1,1,0,0,0,0,1,0,0
"06_67_R",1,0,0,0,0,1,0,0,0,1,0,0,0,0,1,0,0,0,1
"06_72_Y",1,0,0,0,0,1,0,0,0,0,1,0,1,0,0,0,0,0,0
"06_82_R",1,0,0,0,0,1,0,0,0,1,0,0,0,0,0,0,0,0,0
"06_92_R",1,0,0,0,0,1,0,0,0,1,0,0,0,0,1,0,0,1,0
"07_31_R",1,0,0,0,0,0,1,0,0,0,1,0,0,0,1,0,1,0,0
"07_36_R",1,0,0,0,0,0,1,0,0,0,1,0,1,0,0,0,0,0,1
"07_39_R",1,0,0,0,0,0,1,0,0,0,1,1,0,0,0,0,1,0,1
"07_53_Y",1,0,0,0,0,0,1,0,0,0,0,0,0,1,0,0,0,0,1
"07_64_Y",1,0,0,0,0,0,1,0,0,0,1,1,0,0,0,0,0,0,0
"07_88_Y",1,0,0,0,0,0,1,0,0,0,0,0,0,0,0,0,0,0,0
"08_19_R",1,0,0,0,0,0,0,1,0,0,1,0,0,0,1,0,1,0,1
"08_30_R",1,0,0,0,0,0,0,1,0,1,0,0,1,0,0,0,0,0,0
"08_33_Y",1,0,0,0,0,0,0,1,0,0,1,0,0,0,1,0,0,0,0
"08_36_Y",1,0,0,0,0,0,0,1,0,0,1,0,0,0,1,0,1,0,0
"08_45_R",1,0,0,0,0,0,0,1,0,0,1,0,0,0,1,0,0,0,1
"08_50_R",1,0,0,0,0,0,0,1,0,1,0,0,1,0,0,0,0,1,1
"08_85_Y",1,0,0,0,0,0,0,1,0,1,0,0,1,0,0,0,0,0,1
"08_95_R",1,0,0,0,0,0,0,1,0,1,0,0,0,0,0,0,0,1,0
