"sampleName","fileName","acclimation.temp","acclimation.class","acclimation.txt","stress.txt","stress.group","stress.day","ext.date","ext.batch","genotype","stress_day","extraction_batch","thermal_history","heat_stress"
"01_27_Y","01_27_Y_gene_count.txt",24.5,"control","control",24.5,"control","D00","3/29/23",3,"1","D00","3","control","24.5"
"01_28_R","01_28_R_gene_count.txt",27,"acclimated","7DA_0DB",36,"heat","D07","3/30/23",4,"1","D07","4","7DA_0DB","36"
"01_40_Y","01_40_Y_gene_count.txt",24.5,"control","control",24.5,"control","D07","3/28/23",2,"1","D07","2","control","24.5"
"01_42_R","01_42_R_gene_count.txt",27,"acclimated","7DA_7DB",36,"heat","D14","3/31/23",5,"1","D14","5","7DA_7DB","36"
"01_45_Y","01_45_Y_gene_count.txt",24.5,"control","control",24.5,"control","D21","3/28/23",2,"1","D21","2","control","24.5"
"01_46_Y","01_46_Y_gene_count.txt",27,"acclimated","7DA_14DB",36,"heat","D21","3/31/23",5,"1","D21","5","7DA_14DB","36"
"01_51_Y","01_51_Y_gene_count.txt",24.5,"control","control",24.5,"control","D14","3/22/23",1,"1","D14","1","control","24.5"
"01_52_Y","01_52_Y_gene_count.txt",27,"acclimated","7DA_14DB",24.5,"control","D21","3/28/23",2,"1","D21","2","7DA_14DB","24.5"
"01_54_Y","01_54_Y_gene_count.txt",24.5,"control","control",36,"heat","D00","3/31/23",5,"1","D00","5","control","36"
"01_58_Y","01_58_Y_gene_count.txt",24.5,"control","control",36,"heat","D14","3/31/23",5,"1","D14","5","control","36"
"01_63_Y","01_63_Y_gene_count.txt",24.5,"control","control",36,"heat","D21","3/30/23",4,"1","D21","4","control","36"
"01_68_Y","01_68_Y_gene_count.txt",27,"acclimated","7DA_0DB",24.5,"control","D07","3/29/23",3,"1","D07","3","7DA_0DB","24.5"
"01_78_R","01_78_R_gene_count.txt",27,"acclimated","7DA_7DB",24.5,"control","D14","3/30/23",4,"1","D14","4","7DA_7DB","24.5"
"01_92_Y","01_92_Y_gene_count.txt",24.5,"control","control",36,"heat","D07","3/31/23",5,"1","D07","5","control","36"
"02_29_Y","02_29_Y_gene_count.txt",27,"acclimated","7DA_0DB",36,"heat","D07","3/22/23",1,"2","D07","1","7DA_0DB","36"
"02_34_Y","02_34_Y_gene_count.txt",27,"acclimated","7DA_0DB",24.5,"control","D07","3/28/23",2,"2","D07","2","7DA_0DB","24.5"
"02_35_R","02_35_R_gene_count.txt",24.5,"control","control",24.5,"control","D07","3/31/23",5,"2","D07","5","control","24.5"
"02_47_Y","02_47_Y_gene_count.txt",24.5,"control","control",36,"heat","D07","3/31/23",5,"2","D07","5","control","36"
"02_65_R","02_65_R_gene_count.txt",24.5,"control","control",24.5,"control","D00","3/30/23",4,"2","D00","4","control","24.5"
"02_79_R","02_79_R_gene_count.txt",24.5,"control","control",36,"heat","D00","3/31/23",5,"2","D00","5","control","36"
"03_29_R","03_29_R_gene_count.txt",24.5,"control","control",24.5,"control","D07","3/29/23",3,"3","D07","3","control","24.5"
"03_48_Y","03_48_Y_gene_count.txt",27,"acclimated","7DA_0DB",36,"heat","D07","3/28/23",2,"3","D07","2","7DA_0DB","36"
"03_62_R","03_62_R_gene_count.txt",24.5,"control","control",36,"heat","D07","3/31/23",5,"3","D07","5","control","36"
"03_72_R","03_72_R_gene_count.txt",24.5,"control","control",36,"heat","D00","3/22/23",1,"3","D00","1","control","36"
"03_90_Y","03_90_Y_gene_count.txt",27,"acclimated","7DA_0DB",24.5,"control","D07","3/31/23",5,"3","D07","5","7DA_0DB","24.5"
"03_91_R","03_91_R_gene_count.txt",24.5,"control","control",24.5,"control","D00","3/31/23",5,"3","D00","5","control","24.5"
"04_48_R","04_48_R_gene_count.txt",27,"acclimated","7DA_0DB",36,"heat","D07","3/30/23",4,"4","D07","4","7DA_0DB","36"
"04_65_Y","04_65_Y_gene_count.txt",24.5,"control","control",36,"heat","D07","3/30/23",4,"4","D07","4","control","36"
"04_70_Y","04_70_Y_gene_count.txt",24.5,"control","control",24.5,"control","D07","3/30/23",4,"4","D07","4","control","24.5"
"04_95_Y","04_95_Y_gene_count.txt",27,"acclimated","7DA_0DB",24.5,"control","D07","3/28/23",2,"4","D07","2","7DA_0DB","24.5"
"05_43_R","05_43_R_gene_count.txt",27,"acclimated","7DA_7DB",36,"heat","D14","3/22/23",1,"5","D14","1","7DA_7DB","36"
"05_46_R","05_46_R_gene_count.txt",27,"acclimated","7DA_7DB",24.5,"control","D14","3/22/23",1,"5","D14","1","7DA_7DB","24.5"
"05_50_Y","05_50_Y_gene_count.txt",24.5,"control","control",36,"heat","D00","3/30/23",4,"5","D00","4","control","36"
"05_62_Y","05_62_Y_gene_count.txt",24.5,"control","control",24.5,"control","D00","3/31/23",5,"5","D00","5","control","24.5"
"05_82_Y","05_82_Y_gene_count.txt",24.5,"control","control",24.5,"control","D14","3/29/23",3,"5","D14","3","control","24.5"
"05_88_R","05_88_R_gene_count.txt",24.5,"control","control",36,"heat","D14","3/28/23",2,"5","D14","2","control","36"
"06_22_Y","06_22_Y_gene_count.txt",24.5,"control","control",36,"heat","D21","3/31/23",5,"6","D21","5","control","36"
"06_32_R","06_32_R_gene_count.txt",27,"acclimated","7DA_7DB",36,"heat","D14","3/29/23",3,"6","D14","3","7DA_7DB","36"
"06_59_R","06_59_R_gene_count.txt",27,"acclimated","7DA_14DB",36,"heat","D21","3/30/23",4,"6","D21","4","7DA_14DB","36"
"06_64_R","06_64_R_gene_count.txt",27,"acclimated","7DA_14DB",24.5,"control","D21","3/28/23",2,"6","D21","2","7DA_14DB","24.5"
"06_67_R","06_67_R_gene_count.txt",24.5,"control","control",36,"heat","D14","3/31/23",5,"6","D14","5","control","36"
"06_72_Y","06_72_Y_gene_count.txt",24.5,"control","control",24.5,"control","D21","3/29/23",3,"6","D21","3","control","24.5"
"06_82_R","06_82_R_gene_count.txt",24.5,"control","control",24.5,"control","D14","3/22/23",1,"6","D14","1","control","24.5"
"06_92_R","06_92_R_gene_count.txt",27,"acclimated","7DA_7DB",24.5,"control","D14","3/31/23",5,"6","D14","5","7DA_7DB","24.5"
"07_31_R","07_31_R_gene_count.txt",27,"acclimated","7DA_14DB",24.5,"control","D21","3/31/23",5,"7","D21","5","7DA_14DB","24.5"
"07_36_R","07_36_R_gene_count.txt",24.5,"control","control",36,"heat","D21","3/29/23",3,"7","D21","3","control","36"
"07_39_R","07_39_R_gene_count.txt",27,"acclimated","7DA_14DB",36,"heat","D21","3/28/23",2,"7","D21","2","7DA_14DB","36"
"07_53_Y","07_53_Y_gene_count.txt",24.5,"control","control",36,"heat","D00","3/30/23",4,"7","D00","4","control","36"
"07_64_Y","07_64_Y_gene_count.txt",24.5,"control","control",24.5,"control","D21","3/28/23",2,"7","D21","2","control","24.5"
"07_88_Y","07_88_Y_gene_count.txt",24.5,"control","control",24.5,"control","D00","3/22/23",1,"7","D00","1","control","24.5"
"08_19_R","08_19_R_gene_count.txt",27,"acclimated","7DA_14DB",36,"heat","D21","3/31/23",5,"8","D21","5","7DA_14DB","36"
"08_30_R","08_30_R_gene_count.txt",24.5,"control","control",24.5,"control","D14","3/29/23",3,"8","D14","3","control","24.5"
"08_33_Y","08_33_Y_gene_count.txt",24.5,"control","control",24.5,"control","D21","3/31/23",5,"8","D21","5","control","24.5"
"08_36_Y","08_36_Y_gene_count.txt",27,"acclimated","7DA_14DB",24.5,"control","D21","3/31/23",5,"8","D21","5","7DA_14DB","24.5"
"08_45_R","08_45_R_gene_count.txt",24.5,"control","control",36,"heat","D21","3/31/23",5,"8","D21","5","control","36"
"08_50_R","08_50_R_gene_count.txt",27,"acclimated","7DA_7DB",36,"heat","D14","3/29/23",3,"8","D14","3","7DA_7DB","36"
"08_85_Y","08_85_Y_gene_count.txt",24.5,"control","control",36,"heat","D14","3/29/23",3,"8","D14","3","control","36"
"08_95_R","08_95_R_gene_count.txt",27,"acclimated","7DA_7DB",24.5,"control","D14","3/22/23",1,"8","D14","1","7DA_7DB","24.5"
