"sampleName","fileName"
"01_27_Y","01_27_Y_gene_count.txt"
"01_28_R","01_28_R_gene_count.txt"
"01_40_Y","01_40_Y_gene_count.txt"
"01_42_R","01_42_R_gene_count.txt"
"01_45_Y","01_45_Y_gene_count.txt"
"01_46_Y","01_46_Y_gene_count.txt"
"01_51_Y","01_51_Y_gene_count.txt"
"01_52_Y","01_52_Y_gene_count.txt"
"01_54_Y","01_54_Y_gene_count.txt"
"01_58_Y","01_58_Y_gene_count.txt"
"01_63_Y","01_63_Y_gene_count.txt"
"01_68_Y","01_68_Y_gene_count.txt"
"01_78_R","01_78_R_gene_count.txt"
"01_92_Y","01_92_Y_gene_count.txt"
"02_29_Y","02_29_Y_gene_count.txt"
"02_34_Y","02_34_Y_gene_count.txt"
"02_35_R","02_35_R_gene_count.txt"
"02_47_Y","02_47_Y_gene_count.txt"
"02_65_R","02_65_R_gene_count.txt"
"02_79_R","02_79_R_gene_count.txt"
"03_29_R","03_29_R_gene_count.txt"
"03_48_Y","03_48_Y_gene_count.txt"
"03_62_R","03_62_R_gene_count.txt"
"03_72_R","03_72_R_gene_count.txt"
"03_90_Y","03_90_Y_gene_count.txt"
"03_91_R","03_91_R_gene_count.txt"
"04_48_R","04_48_R_gene_count.txt"
"04_65_Y","04_65_Y_gene_count.txt"
"04_70_Y","04_70_Y_gene_count.txt"
"04_95_Y","04_95_Y_gene_count.txt"
"05_43_R","05_43_R_gene_count.txt"
"05_46_R","05_46_R_gene_count.txt"
"05_50_Y","05_50_Y_gene_count.txt"
"05_62_Y","05_62_Y_gene_count.txt"
"05_82_Y","05_82_Y_gene_count.txt"
"05_88_R","05_88_R_gene_count.txt"
"06_22_Y","06_22_Y_gene_count.txt"
"06_32_R","06_32_R_gene_count.txt"
"06_59_R","06_59_R_gene_count.txt"
"06_64_R","06_64_R_gene_count.txt"
"06_67_R","06_67_R_gene_count.txt"
"06_72_Y","06_72_Y_gene_count.txt"
"06_82_R","06_82_R_gene_count.txt"
"06_92_R","06_92_R_gene_count.txt"
"07_31_R","07_31_R_gene_count.txt"
"07_36_R","07_36_R_gene_count.txt"
"07_39_R","07_39_R_gene_count.txt"
"07_53_Y","07_53_Y_gene_count.txt"
"07_64_Y","07_64_Y_gene_count.txt"
"07_88_Y","07_88_Y_gene_count.txt"
"08_19_R","08_19_R_gene_count.txt"
"08_30_R","08_30_R_gene_count.txt"
"08_33_Y","08_33_Y_gene_count.txt"
"08_36_Y","08_36_Y_gene_count.txt"
"08_45_R","08_45_R_gene_count.txt"
"08_50_R","08_50_R_gene_count.txt"
"08_85_Y","08_85_Y_gene_count.txt"
"08_95_R","08_95_R_gene_count.txt"
